URL,Version,Status,OIDs,Name,Title,Descriptino,Used
https://nih-ncpi.github.io/ncpi-fhir-ig-2/CodeSystem/collection-type,0.1.0,draft,,CollectionType,Collection Type,"Enumerated list of collection types",
https://nih-ncpi.github.io/ncpi-fhir-ig-2/CodeSystem/ncpi,0.1.0,active,,Ncpi,NCPI FHIR Codes,"Codes that would apply to NCPI projects",
https://nih-ncpi.github.io/ncpi-fhir-ig-2/CodeSystem/research-data-access-code,0.1.0,draft,,ResearchDataAccessCode,Research Data Access Codes,"Enumerated list of access codes such as dbGaP consent codes among others.",
https://nih-ncpi.github.io/ncpi-fhir-ig-2/CodeSystem/study-name-type,0.1.0,draft,,StudyNameType,Study Name Type,"Some common types of study 'names'.",
https://nih-ncpi.github.io/ncpi-fhir-ig-2/CodeSystem/study-personnel-role,0.1.0,draft,,StudyPersonnelRole,Study Personnel Role,"Roles associated with study personnel.",
