URL,Version,Status,OIDs,Name,Title,Descriptino,Used
http://terminology.hl7.org/CodeSystem/title-type,4.3.0,draft,"2.16.840.1.113883.4.642.1.1492",TitleType,TitleType,"Used to express the reason and specific aspect for the variant title, such as language and specific language.","ValueSet/title-type"
https://nih-ncpi.github.io/ncpi-fhir-ig-2/CodeSystem/collection-type,0.1.0,draft,,CollectionType,Collection Type,"Enumerated list of collection types","ValueSet/collection-type-vs"
https://nih-ncpi.github.io/ncpi-fhir-ig-2/CodeSystem/research-data-access-code,0.1.0,draft,,ResearchDataAccessCode,Research Data Access Codes,"Enumerated list of access codes such as dbGaP consent codes among others.","ValueSet/research-data-access-code-vs"
https://nih-ncpi.github.io/ncpi-fhir-ig-2/CodeSystem/study-name-type,0.1.0,draft,,StudyNameType,Study Name Type,"Some common types of study 'names'.","ValueSet/study-name-type-vs"
https://nih-ncpi.github.io/ncpi-fhir-ig-2/CodeSystem/study-personnel-role,0.1.0,draft,,StudyPersonnelRole,Study Personnel Role,"Roles associated with study personnel.","ValueSet/study-personnel-role-vs"
