URL,Version,Status,OIDs,Name,Title,Descriptino,Uses,Used,Sources
http://hl7.org/fhir/ValueSet/title-type,4.3.0,draft,"2.16.840.1.113883.4.642.3.1492",TitleType,TitleType,"Used to express the reason and specific aspect for the variant title, such as language and specific language.","StructureDefinition/label-extension","THO"
https://nih-ncpi.github.io/ncpi-fhir-ig-2/ValueSet/collection-type-vs,0.1.0,draft,,CollectionTypeVS,Collection Type,"Enumerated list of Collection types","StructureDefinition/SharedDataModelResearchCollection,StructureDefinition/ncpi-research-collection","Internal"
https://nih-ncpi.github.io/ncpi-fhir-ig-2/ValueSet/mesh-terms,0.1.0,draft,,MeshTerms,MeSH Terms,"Example terms from Medical Subject Headings (MeSH) Ontology","StructureDefinition/research-disease-use-limitation","Other"
https://nih-ncpi.github.io/ncpi-fhir-ig-2/ValueSet/research-data-access-code-vs,0.1.0,draft,,ResearchDataAccessCodeVS,Research Data Access Codes,"Enumerated list of access codes such as dbGaP consent codes among others.","StructureDefinition/ncpi-research-access-policy,StructureDefinition/SharedDataModelResearchDataAccessPolicy","Internal"
https://nih-ncpi.github.io/ncpi-fhir-ig-2/ValueSet/study-name-type-vs,0.1.0,draft,,StudyNameTypeVS,Study Name Type,"Some common types of study 'names'.","StructureDefinition/SharedDataModelResearchStudy","Internal"
https://nih-ncpi.github.io/ncpi-fhir-ig-2/ValueSet/study-personnel-role-vs,0.1.0,draft,,StudyPersonnelRoleVS,Study Personnel Role,"Roles associated with study personnel.","StructureDefinition/SharedDataModelResearchStudy","Internal"
