{
  "resourceType" : "Bundle",
  "id" : "dea7bd5e-682b-415c-8ac8-3a8c7f0b27ab",
  "meta" : {
    "lastUpdated" : "2024-01-03T18:03:54.742+00:00"
  },
  "type" : "collection",
  "entry" : [{
    "fullUrl" : "https://nih-ncpi.github.io/ncpi-fhir-ig-2/ValueSet/collection-type-vs",
    "resource" : {
      "resourceType" : "ValueSet",
      "text" : {
        "status" : "generated",
        "div" : "<div xmlns=\"http://www.w3.org/1999/xhtml\"><p style=\"border: black 1px dotted; background-color: #EEEEEE; padding: 8px; margin-bottom: 8px\">Expansion based on <a href=\"CodeSystem-collection-type.html\">codesystem Collection Type v0.1.0 (CodeSystem)</a></p><p>This value set contains 3 concepts</p><table class=\"codes\"><tr><td style=\"white-space:nowrap\"><b>Code</b></td><td><b>System</b></td><td><b>Display</b></td></tr><tr><td style=\"white-space:nowrap\"><a name=\"https---nih-ncpi.github.ioo-ncpi-fhir-ig-2-CodeSystem-collection-type-consortium\"> </a>\u00a0\u00a0<a href=\"CodeSystem-collection-type.html#collection-type-consortium\">consortium</a></td><td>https://nih-ncpi.github.ioo/ncpi-fhir-ig-2/CodeSystem/collection-type</td><td>Consortium</td></tr><tr><td style=\"white-space:nowrap\"><a name=\"https---nih-ncpi.github.ioo-ncpi-fhir-ig-2-CodeSystem-collection-type-program\"> </a>\u00a0\u00a0<a href=\"CodeSystem-collection-type.html#collection-type-program\">program</a></td><td>https://nih-ncpi.github.ioo/ncpi-fhir-ig-2/CodeSystem/collection-type</td><td>Program</td></tr><tr><td style=\"white-space:nowrap\"><a name=\"https---nih-ncpi.github.ioo-ncpi-fhir-ig-2-CodeSystem-collection-type-user-defined\"> </a>\u00a0\u00a0<a href=\"CodeSystem-collection-type.html#collection-type-user-defined\">user-defined</a></td><td>https://nih-ncpi.github.ioo/ncpi-fhir-ig-2/CodeSystem/collection-type</td><td>User Defined</td></tr></table></div>"
      },
      "url" : "https://nih-ncpi.github.io/ncpi-fhir-ig-2/ValueSet/collection-type-vs",
      "version" : "0.1.0",
      "name" : "CollectionTypeVS",
      "title" : "Collection Type",
      "status" : "draft",
      "experimental" : false,
      "date" : "2024-01-03T18:03:54+00:00",
      "expansion" : {
        "identifier" : "urn:uuid:f69f609e-3cec-4ded-8dd4-77f4efddf0e2",
        "timestamp" : "2024-01-03T18:04:14+00:00",
        "total" : 3,
        "parameter" : [{
          "name" : "excludeNested",
          "valueBoolean" : false
        },
        {
          "name" : "used-codesystem",
          "valueUri" : "https://nih-ncpi.github.ioo/ncpi-fhir-ig-2/CodeSystem/collection-type|0.1.0"
        }],
        "contains" : [{
          "system" : "https://nih-ncpi.github.ioo/ncpi-fhir-ig-2/CodeSystem/collection-type",
          "code" : "consortium",
          "display" : "Consortium"
        },
        {
          "system" : "https://nih-ncpi.github.ioo/ncpi-fhir-ig-2/CodeSystem/collection-type",
          "code" : "program",
          "display" : "Program"
        },
        {
          "system" : "https://nih-ncpi.github.ioo/ncpi-fhir-ig-2/CodeSystem/collection-type",
          "code" : "user-defined",
          "display" : "User Defined"
        }]
      }
    }
  },
  {
    "fullUrl" : "https://nih-ncpi.github.io/ncpi-fhir-ig-2/ValueSet/research-data-access-code-vs",
    "resource" : {
      "resourceType" : "ValueSet",
      "text" : {
        "status" : "generated",
        "div" : "<div xmlns=\"http://www.w3.org/1999/xhtml\"><p style=\"border: black 1px dotted; background-color: #EEEEEE; padding: 8px; margin-bottom: 8px\">Expansion based on <a href=\"CodeSystem-research-data-access-code.html\">codesystem Research Data Access Codes v0.1.0 (CodeSystem)</a></p><p>This value set contains 9 concepts</p><table class=\"codes\"><tr><td style=\"white-space:nowrap\"><b>Code</b></td><td><b>System</b></td><td><b>Display</b></td></tr><tr><td style=\"white-space:nowrap\"><a name=\"https---nih-ncpi.github.ioo-ncpi-fhir-ig-2-CodeSystem-data-access-code-GRU\"> </a>\u00a0\u00a0<a href=\"CodeSystem-research-data-access-code.html#research-data-access-code-GRU\">GRU</a></td><td>https://nih-ncpi.github.ioo/ncpi-fhir-ig-2/CodeSystem/data-access-code</td><td>General Research Use</td></tr><tr><td style=\"white-space:nowrap\"><a name=\"https---nih-ncpi.github.ioo-ncpi-fhir-ig-2-CodeSystem-data-access-code-HMB\"> </a>\u00a0\u00a0<a href=\"CodeSystem-research-data-access-code.html#research-data-access-code-HMB\">HMB</a></td><td>https://nih-ncpi.github.ioo/ncpi-fhir-ig-2/CodeSystem/data-access-code</td><td>Health/Medical/Biomedical</td></tr><tr><td style=\"white-space:nowrap\"><a name=\"https---nih-ncpi.github.ioo-ncpi-fhir-ig-2-CodeSystem-data-access-code-DS\"> </a>\u00a0\u00a0<a href=\"CodeSystem-research-data-access-code.html#research-data-access-code-DS\">DS</a></td><td>https://nih-ncpi.github.ioo/ncpi-fhir-ig-2/CodeSystem/data-access-code</td><td>Disease-Specific (Disease/Trait/Exposure)</td></tr><tr><td style=\"white-space:nowrap\"><a name=\"https---nih-ncpi.github.ioo-ncpi-fhir-ig-2-CodeSystem-data-access-code-IRB\"> </a>\u00a0\u00a0<a href=\"CodeSystem-research-data-access-code.html#research-data-access-code-IRB\">IRB</a></td><td>https://nih-ncpi.github.ioo/ncpi-fhir-ig-2/CodeSystem/data-access-code</td><td>IRB approval required</td></tr><tr><td style=\"white-space:nowrap\"><a name=\"https---nih-ncpi.github.ioo-ncpi-fhir-ig-2-CodeSystem-data-access-code-PUB\"> </a>\u00a0\u00a0<a href=\"CodeSystem-research-data-access-code.html#research-data-access-code-PUB\">PUB</a></td><td>https://nih-ncpi.github.ioo/ncpi-fhir-ig-2/CodeSystem/data-access-code</td><td>Publication required</td></tr><tr><td style=\"white-space:nowrap\"><a name=\"https---nih-ncpi.github.ioo-ncpi-fhir-ig-2-CodeSystem-data-access-code-COL\"> </a>\u00a0\u00a0<a href=\"CodeSystem-research-data-access-code.html#research-data-access-code-COL\">COL</a></td><td>https://nih-ncpi.github.ioo/ncpi-fhir-ig-2/CodeSystem/data-access-code</td><td>Collaboration Required</td></tr><tr><td style=\"white-space:nowrap\"><a name=\"https---nih-ncpi.github.ioo-ncpi-fhir-ig-2-CodeSystem-data-access-code-NPU\"> </a>\u00a0\u00a0<a href=\"CodeSystem-research-data-access-code.html#research-data-access-code-NPU\">NPU</a></td><td>https://nih-ncpi.github.ioo/ncpi-fhir-ig-2/CodeSystem/data-access-code</td><td>Not-for-profit use only</td></tr><tr><td style=\"white-space:nowrap\"><a name=\"https---nih-ncpi.github.ioo-ncpi-fhir-ig-2-CodeSystem-data-access-code-MDS\"> </a>\u00a0\u00a0<a href=\"CodeSystem-research-data-access-code.html#research-data-access-code-MDS\">MDS</a></td><td>https://nih-ncpi.github.ioo/ncpi-fhir-ig-2/CodeSystem/data-access-code</td><td>Methods</td></tr><tr><td style=\"white-space:nowrap\"><a name=\"https---nih-ncpi.github.ioo-ncpi-fhir-ig-2-CodeSystem-data-access-code-GSO\"> </a>\u00a0\u00a0<a href=\"CodeSystem-research-data-access-code.html#research-data-access-code-GSO\">GSO</a></td><td>https://nih-ncpi.github.ioo/ncpi-fhir-ig-2/CodeSystem/data-access-code</td><td>Genetic studies only</td></tr></table></div>"
      },
      "url" : "https://nih-ncpi.github.io/ncpi-fhir-ig-2/ValueSet/research-data-access-code-vs",
      "version" : "0.1.0",
      "name" : "ResearchDataAccessCodeVS",
      "title" : "Research Data Access Codes",
      "status" : "draft",
      "experimental" : false,
      "date" : "2024-01-03T18:03:54+00:00",
      "expansion" : {
        "identifier" : "urn:uuid:cf52a125-70f7-45ea-b38e-c3dd671da36f",
        "timestamp" : "2024-01-03T18:04:14+00:00",
        "total" : 9,
        "parameter" : [{
          "name" : "excludeNested",
          "valueBoolean" : false
        },
        {
          "name" : "used-codesystem",
          "valueUri" : "https://nih-ncpi.github.ioo/ncpi-fhir-ig-2/CodeSystem/data-access-code|0.1.0"
        }],
        "contains" : [{
          "system" : "https://nih-ncpi.github.ioo/ncpi-fhir-ig-2/CodeSystem/data-access-code",
          "code" : "GRU",
          "display" : "General Research Use"
        },
        {
          "system" : "https://nih-ncpi.github.ioo/ncpi-fhir-ig-2/CodeSystem/data-access-code",
          "code" : "HMB",
          "display" : "Health/Medical/Biomedical"
        },
        {
          "system" : "https://nih-ncpi.github.ioo/ncpi-fhir-ig-2/CodeSystem/data-access-code",
          "code" : "DS",
          "display" : "Disease-Specific (Disease/Trait/Exposure)"
        },
        {
          "system" : "https://nih-ncpi.github.ioo/ncpi-fhir-ig-2/CodeSystem/data-access-code",
          "code" : "IRB",
          "display" : "IRB approval required"
        },
        {
          "system" : "https://nih-ncpi.github.ioo/ncpi-fhir-ig-2/CodeSystem/data-access-code",
          "code" : "PUB",
          "display" : "Publication required"
        },
        {
          "system" : "https://nih-ncpi.github.ioo/ncpi-fhir-ig-2/CodeSystem/data-access-code",
          "code" : "COL",
          "display" : "Collaboration Required"
        },
        {
          "system" : "https://nih-ncpi.github.ioo/ncpi-fhir-ig-2/CodeSystem/data-access-code",
          "code" : "NPU",
          "display" : "Not-for-profit use only"
        },
        {
          "system" : "https://nih-ncpi.github.ioo/ncpi-fhir-ig-2/CodeSystem/data-access-code",
          "code" : "MDS",
          "display" : "Methods"
        },
        {
          "system" : "https://nih-ncpi.github.ioo/ncpi-fhir-ig-2/CodeSystem/data-access-code",
          "code" : "GSO",
          "display" : "Genetic studies only"
        }]
      }
    }
  },
  {
    "fullUrl" : "https://nih-ncpi.github.io/ncpi-fhir-ig-2/ValueSet/study-name-type-vs",
    "resource" : {
      "resourceType" : "ValueSet",
      "text" : {
        "status" : "generated",
        "div" : "<div xmlns=\"http://www.w3.org/1999/xhtml\"><p style=\"border: black 1px dotted; background-color: #EEEEEE; padding: 8px; margin-bottom: 8px\">Expansion based on <a href=\"CodeSystem-study-name-type.html\">codesystem Study Name Type v0.1.0 (CodeSystem)</a></p><p>This value set contains 5 concepts</p><table class=\"codes\"><tr><td style=\"white-space:nowrap\"><b>Code</b></td><td><b>System</b></td><td><b>Display</b></td></tr><tr><td style=\"white-space:nowrap\"><a name=\"https---nih-ncpi.github.io-ncpi-fhir-ig-2-CodeSystem-study-name-type-formal-title\"> </a>\u00a0\u00a0<a href=\"CodeSystem-study-name-type.html#study-name-type-formal-title\">formal-title</a></td><td>https://nih-ncpi.github.io/ncpi-fhir-ig-2/CodeSystem/study-name-type</td><td>Formal Title</td></tr><tr><td style=\"white-space:nowrap\"><a name=\"https---nih-ncpi.github.io-ncpi-fhir-ig-2-CodeSystem-study-name-type-internal-name\"> </a>\u00a0\u00a0<a href=\"CodeSystem-study-name-type.html#study-name-type-internal-name\">internal-name</a></td><td>https://nih-ncpi.github.io/ncpi-fhir-ig-2/CodeSystem/study-name-type</td><td>Internal Name</td></tr><tr><td style=\"white-space:nowrap\"><a name=\"https---nih-ncpi.github.io-ncpi-fhir-ig-2-CodeSystem-study-name-type-familiar-ame\"> </a>\u00a0\u00a0<a href=\"CodeSystem-study-name-type.html#study-name-type-familiar-ame\">familiar-ame</a></td><td>https://nih-ncpi.github.io/ncpi-fhir-ig-2/CodeSystem/study-name-type</td><td>Familiar Name (Nickname)</td></tr><tr><td style=\"white-space:nowrap\"><a name=\"https---nih-ncpi.github.io-ncpi-fhir-ig-2-CodeSystem-study-name-type-acronym\"> </a>\u00a0\u00a0<a href=\"CodeSystem-study-name-type.html#study-name-type-acronym\">acronym</a></td><td>https://nih-ncpi.github.io/ncpi-fhir-ig-2/CodeSystem/study-name-type</td><td>Acronym</td></tr><tr><td style=\"white-space:nowrap\"><a name=\"https---nih-ncpi.github.io-ncpi-fhir-ig-2-CodeSystem-study-name-type-alternative-name\"> </a>\u00a0\u00a0<a href=\"CodeSystem-study-name-type.html#study-name-type-alternative-name\">alternative-name</a></td><td>https://nih-ncpi.github.io/ncpi-fhir-ig-2/CodeSystem/study-name-type</td><td>Alternative Name</td></tr></table></div>"
      },
      "url" : "https://nih-ncpi.github.io/ncpi-fhir-ig-2/ValueSet/study-name-type-vs",
      "version" : "0.1.0",
      "name" : "StudyNameTypeVS",
      "title" : "Study Name Type",
      "status" : "draft",
      "experimental" : false,
      "date" : "2024-01-03T18:03:54+00:00",
      "expansion" : {
        "identifier" : "urn:uuid:c7ba620f-cc21-4070-ac7e-efc21b7bb2b1",
        "timestamp" : "2024-01-03T18:04:14+00:00",
        "total" : 5,
        "parameter" : [{
          "name" : "excludeNested",
          "valueBoolean" : false
        },
        {
          "name" : "used-codesystem",
          "valueUri" : "https://nih-ncpi.github.io/ncpi-fhir-ig-2/CodeSystem/study-name-type|0.1.0"
        }],
        "contains" : [{
          "system" : "https://nih-ncpi.github.io/ncpi-fhir-ig-2/CodeSystem/study-name-type",
          "code" : "formal-title",
          "display" : "Formal Title"
        },
        {
          "system" : "https://nih-ncpi.github.io/ncpi-fhir-ig-2/CodeSystem/study-name-type",
          "code" : "internal-name",
          "display" : "Internal Name"
        },
        {
          "system" : "https://nih-ncpi.github.io/ncpi-fhir-ig-2/CodeSystem/study-name-type",
          "code" : "familiar-ame",
          "display" : "Familiar Name (Nickname)"
        },
        {
          "system" : "https://nih-ncpi.github.io/ncpi-fhir-ig-2/CodeSystem/study-name-type",
          "code" : "acronym",
          "display" : "Acronym"
        },
        {
          "system" : "https://nih-ncpi.github.io/ncpi-fhir-ig-2/CodeSystem/study-name-type",
          "code" : "alternative-name",
          "display" : "Alternative Name"
        }]
      }
    }
  },
  {
    "fullUrl" : "https://nih-ncpi.github.io/ncpi-fhir-ig-2/ValueSet/study-personnel-role-vs",
    "resource" : {
      "resourceType" : "ValueSet",
      "text" : {
        "status" : "generated",
        "div" : "<div xmlns=\"http://www.w3.org/1999/xhtml\"><p style=\"border: black 1px dotted; background-color: #EEEEEE; padding: 8px; margin-bottom: 8px\">Expansion based on <a href=\"CodeSystem-study-personnel-role.html\">codesystem Study Personnel Role v0.1.0 (CodeSystem)</a></p><p>This value set contains 3 concepts</p><table class=\"codes\"><tr><td style=\"white-space:nowrap\"><b>Code</b></td><td><b>System</b></td><td><b>Display</b></td></tr><tr><td style=\"white-space:nowrap\"><a name=\"https---nih-ncpi.github.io-ncpi-fhir-ig-2-CodeSystem-study-personnel-role-primary-investigator\"> </a>\u00a0\u00a0<a href=\"CodeSystem-study-personnel-role.html#study-personnel-role-primary-investigator\">primary-investigator</a></td><td>https://nih-ncpi.github.io/ncpi-fhir-ig-2/CodeSystem/study-personnel-role</td><td>Primary Investigator</td></tr><tr><td style=\"white-space:nowrap\"><a name=\"https---nih-ncpi.github.io-ncpi-fhir-ig-2-CodeSystem-study-personnel-role-administrator\"> </a>\u00a0\u00a0<a href=\"CodeSystem-study-personnel-role.html#study-personnel-role-administrator\">administrator</a></td><td>https://nih-ncpi.github.io/ncpi-fhir-ig-2/CodeSystem/study-personnel-role</td><td>Administrator</td></tr><tr><td style=\"white-space:nowrap\"><a name=\"https---nih-ncpi.github.io-ncpi-fhir-ig-2-CodeSystem-study-personnel-role-collaborator\"> </a>\u00a0\u00a0<a href=\"CodeSystem-study-personnel-role.html#study-personnel-role-collaborator\">collaborator</a></td><td>https://nih-ncpi.github.io/ncpi-fhir-ig-2/CodeSystem/study-personnel-role</td><td>Collaborator</td></tr></table></div>"
      },
      "url" : "https://nih-ncpi.github.io/ncpi-fhir-ig-2/ValueSet/study-personnel-role-vs",
      "version" : "0.1.0",
      "name" : "StudyPersonnelRoleVS",
      "title" : "Study Personnel Role",
      "status" : "draft",
      "experimental" : false,
      "date" : "2024-01-03T18:03:54+00:00",
      "expansion" : {
        "identifier" : "urn:uuid:f39fc97a-5398-490d-8511-e6c0c5a2b000",
        "timestamp" : "2024-01-03T18:04:14+00:00",
        "total" : 3,
        "parameter" : [{
          "name" : "excludeNested",
          "valueBoolean" : false
        },
        {
          "name" : "used-codesystem",
          "valueUri" : "https://nih-ncpi.github.io/ncpi-fhir-ig-2/CodeSystem/study-personnel-role|0.1.0"
        }],
        "contains" : [{
          "system" : "https://nih-ncpi.github.io/ncpi-fhir-ig-2/CodeSystem/study-personnel-role",
          "code" : "primary-investigator",
          "display" : "Primary Investigator"
        },
        {
          "system" : "https://nih-ncpi.github.io/ncpi-fhir-ig-2/CodeSystem/study-personnel-role",
          "code" : "administrator",
          "display" : "Administrator"
        },
        {
          "system" : "https://nih-ncpi.github.io/ncpi-fhir-ig-2/CodeSystem/study-personnel-role",
          "code" : "collaborator",
          "display" : "Collaborator"
        }]
      }
    }
  }]
}