{
  "resourceType" : "Bundle",
  "id" : "70f8b494-120c-47c4-8aa7-061dd1dfc1ef",
  "meta" : {
    "lastUpdated" : "2023-11-27T21:08:00.843+00:00"
  },
  "type" : "collection",
  "entry" : [{
    "fullUrl" : "https://nih-ncpi.github.io/ncpi-fhir-ig-2/ValueSet/study-name-type-vs",
    "resource" : {
      "resourceType" : "ValueSet",
      "text" : {
        "status" : "generated",
        "div" : "<div xmlns=\"http://www.w3.org/1999/xhtml\"><p style=\"border: black 1px dotted; background-color: #EEEEEE; padding: 8px; margin-bottom: 8px\">Expansion based on <a href=\"CodeSystem-study-name-type.html\">codesystem Study Name Type v0.1.0 (CodeSystem)</a></p><p>This value set contains 5 concepts</p><table class=\"codes\"><tr><td style=\"white-space:nowrap\"><b>Code</b></td><td><b>System</b></td><td><b>Display</b></td></tr><tr><td style=\"white-space:nowrap\"><a name=\"https---nih-ncpi.github.io-ncpi-fhir-ig-2-CodeSystem-study-name-type-formal-title\"> </a>\u00a0\u00a0<a href=\"CodeSystem-study-name-type.html#study-name-type-formal-title\">formal-title</a></td><td>https://nih-ncpi.github.io/ncpi-fhir-ig-2/CodeSystem/study-name-type</td><td>Formal Title</td></tr><tr><td style=\"white-space:nowrap\"><a name=\"https---nih-ncpi.github.io-ncpi-fhir-ig-2-CodeSystem-study-name-type-internal-name\"> </a>\u00a0\u00a0<a href=\"CodeSystem-study-name-type.html#study-name-type-internal-name\">internal-name</a></td><td>https://nih-ncpi.github.io/ncpi-fhir-ig-2/CodeSystem/study-name-type</td><td>Internal Name</td></tr><tr><td style=\"white-space:nowrap\"><a name=\"https---nih-ncpi.github.io-ncpi-fhir-ig-2-CodeSystem-study-name-type-familiar-ame\"> </a>\u00a0\u00a0<a href=\"CodeSystem-study-name-type.html#study-name-type-familiar-ame\">familiar-ame</a></td><td>https://nih-ncpi.github.io/ncpi-fhir-ig-2/CodeSystem/study-name-type</td><td>Familiar Name (Nickname)</td></tr><tr><td style=\"white-space:nowrap\"><a name=\"https---nih-ncpi.github.io-ncpi-fhir-ig-2-CodeSystem-study-name-type-acronym\"> </a>\u00a0\u00a0<a href=\"CodeSystem-study-name-type.html#study-name-type-acronym\">acronym</a></td><td>https://nih-ncpi.github.io/ncpi-fhir-ig-2/CodeSystem/study-name-type</td><td>Acronym</td></tr><tr><td style=\"white-space:nowrap\"><a name=\"https---nih-ncpi.github.io-ncpi-fhir-ig-2-CodeSystem-study-name-type-alternative-name\"> </a>\u00a0\u00a0<a href=\"CodeSystem-study-name-type.html#study-name-type-alternative-name\">alternative-name</a></td><td>https://nih-ncpi.github.io/ncpi-fhir-ig-2/CodeSystem/study-name-type</td><td>Alternative Name</td></tr></table></div>"
      },
      "url" : "https://nih-ncpi.github.io/ncpi-fhir-ig-2/ValueSet/study-name-type-vs",
      "version" : "0.1.0",
      "name" : "StudyNameTypeVS",
      "title" : "Study Name Type",
      "status" : "draft",
      "experimental" : false,
      "date" : "2023-11-27T21:08:00+00:00",
      "expansion" : {
        "identifier" : "urn:uuid:293dc497-dfc8-442e-a6ca-c17949812546",
        "timestamp" : "2023-11-27T21:08:17+00:00",
        "total" : 5,
        "parameter" : [{
          "name" : "excludeNested",
          "valueBoolean" : false
        },
        {
          "name" : "used-codesystem",
          "valueUri" : "https://nih-ncpi.github.io/ncpi-fhir-ig-2/CodeSystem/study-name-type|0.1.0"
        }],
        "contains" : [{
          "system" : "https://nih-ncpi.github.io/ncpi-fhir-ig-2/CodeSystem/study-name-type",
          "code" : "formal-title",
          "display" : "Formal Title"
        },
        {
          "system" : "https://nih-ncpi.github.io/ncpi-fhir-ig-2/CodeSystem/study-name-type",
          "code" : "internal-name",
          "display" : "Internal Name"
        },
        {
          "system" : "https://nih-ncpi.github.io/ncpi-fhir-ig-2/CodeSystem/study-name-type",
          "code" : "familiar-ame",
          "display" : "Familiar Name (Nickname)"
        },
        {
          "system" : "https://nih-ncpi.github.io/ncpi-fhir-ig-2/CodeSystem/study-name-type",
          "code" : "acronym",
          "display" : "Acronym"
        },
        {
          "system" : "https://nih-ncpi.github.io/ncpi-fhir-ig-2/CodeSystem/study-name-type",
          "code" : "alternative-name",
          "display" : "Alternative Name"
        }]
      }
    }
  },
  {
    "fullUrl" : "https://nih-ncpi.github.io/ncpi-fhir-ig-2/ValueSet/study-personnel-role-vs",
    "resource" : {
      "resourceType" : "ValueSet",
      "text" : {
        "status" : "generated",
        "div" : "<div xmlns=\"http://www.w3.org/1999/xhtml\"><p style=\"border: black 1px dotted; background-color: #EEEEEE; padding: 8px; margin-bottom: 8px\">Expansion based on <a href=\"CodeSystem-study-personnel-role.html\">codesystem Study Personnel Role v0.1.0 (CodeSystem)</a></p><p>This value set contains 3 concepts</p><table class=\"codes\"><tr><td style=\"white-space:nowrap\"><b>Code</b></td><td><b>System</b></td><td><b>Display</b></td></tr><tr><td style=\"white-space:nowrap\"><a name=\"https---nih-ncpi.github.io-ncpi-fhir-ig-2-CodeSystem-study-personnel-role-primary-investigator\"> </a>\u00a0\u00a0<a href=\"CodeSystem-study-personnel-role.html#study-personnel-role-primary-investigator\">primary-investigator</a></td><td>https://nih-ncpi.github.io/ncpi-fhir-ig-2/CodeSystem/study-personnel-role</td><td>Primary Investigator</td></tr><tr><td style=\"white-space:nowrap\"><a name=\"https---nih-ncpi.github.io-ncpi-fhir-ig-2-CodeSystem-study-personnel-role-administrator\"> </a>\u00a0\u00a0<a href=\"CodeSystem-study-personnel-role.html#study-personnel-role-administrator\">administrator</a></td><td>https://nih-ncpi.github.io/ncpi-fhir-ig-2/CodeSystem/study-personnel-role</td><td>Administrator</td></tr><tr><td style=\"white-space:nowrap\"><a name=\"https---nih-ncpi.github.io-ncpi-fhir-ig-2-CodeSystem-study-personnel-role-collaborator\"> </a>\u00a0\u00a0<a href=\"CodeSystem-study-personnel-role.html#study-personnel-role-collaborator\">collaborator</a></td><td>https://nih-ncpi.github.io/ncpi-fhir-ig-2/CodeSystem/study-personnel-role</td><td>Collaborator</td></tr></table></div>"
      },
      "url" : "https://nih-ncpi.github.io/ncpi-fhir-ig-2/ValueSet/study-personnel-role-vs",
      "version" : "0.1.0",
      "name" : "StudyPersonnelRoleVS",
      "title" : "Study Personnel Role",
      "status" : "draft",
      "experimental" : false,
      "date" : "2023-11-27T21:08:00+00:00",
      "expansion" : {
        "identifier" : "urn:uuid:d12d55e5-3801-4ba7-9fb7-63fd58728ead",
        "timestamp" : "2023-11-27T21:08:18+00:00",
        "total" : 3,
        "parameter" : [{
          "name" : "excludeNested",
          "valueBoolean" : false
        },
        {
          "name" : "used-codesystem",
          "valueUri" : "https://nih-ncpi.github.io/ncpi-fhir-ig-2/CodeSystem/study-personnel-role|0.1.0"
        }],
        "contains" : [{
          "system" : "https://nih-ncpi.github.io/ncpi-fhir-ig-2/CodeSystem/study-personnel-role",
          "code" : "primary-investigator",
          "display" : "Primary Investigator"
        },
        {
          "system" : "https://nih-ncpi.github.io/ncpi-fhir-ig-2/CodeSystem/study-personnel-role",
          "code" : "administrator",
          "display" : "Administrator"
        },
        {
          "system" : "https://nih-ncpi.github.io/ncpi-fhir-ig-2/CodeSystem/study-personnel-role",
          "code" : "collaborator",
          "display" : "Collaborator"
        }]
      }
    }
  }]
}