<?xml version="1.0" encoding="UTF-8"?>

<CodeSystem xmlns="http://hl7.org/fhir">
  <id value="collection-type"/>
  <text>
    <status value="generated"/><div xmlns="http://www.w3.org/1999/xhtml"><p>This case-sensitive code system <code>https://nih-ncpi.github.ioo/ncpi-fhir-ig-2/CodeSystem/collection-type</code> defines the following codes:</p><table class="codes"><tr><td style="white-space:nowrap"><b>Code</b></td><td><b>Display</b></td></tr><tr><td style="white-space:nowrap">consortium<a name="collection-type-consortium"> </a></td><td>Consortium</td></tr><tr><td style="white-space:nowrap">program<a name="collection-type-program"> </a></td><td>Program</td></tr><tr><td style="white-space:nowrap">user-defined<a name="collection-type-user-defined"> </a></td><td>User Defined</td></tr></table></div>
  </text>
  <url value="https://nih-ncpi.github.ioo/ncpi-fhir-ig-2/CodeSystem/collection-type"/>
  <version value="0.1.0"/>
  <name value="CollectionType"/>
  <title value="Collection Type"/>
  <status value="draft"/>
  <experimental value="false"/>
  <date value="2024-01-03T18:03:54+00:00"/>
  <publisher value="NCPI FHIR Working Group"/>
  <contact>
    <name value="NCPI FHIR Working Group"/>
    <telecom>
      <system value="url"/>
      <value value="http://example.org/example-publisher"/>
    </telecom>
    <telecom>
      <system value="email"/>
      <value value="ncpi-fhir-ig@googlegroups.com"/>
    </telecom>
  </contact>
  <description value="Enumerated list of collection types"/>
  <caseSensitive value="true"/>
  <content value="complete"/>
  <count value="3"/>
  <concept>
    <code value="consortium"/>
    <display value="Consortium"/>
  </concept>
  <concept>
    <code value="program"/>
    <display value="Program"/>
  </concept>
  <concept>
    <code value="user-defined"/>
    <display value="User Defined"/>
  </concept>
</CodeSystem>