<?xml version="1.0" encoding="UTF-8"?>

<Consent xmlns="http://hl7.org/fhir">
  <id value="hmb-npu-consent"/>
  <meta>
    <profile value="https://nih-ncpi.github.io/ncpi-fhir-ig-2/StructureDefinition/ncpi-research-access-policy"/>
  </meta>
  <text>
    <status value="extensions"/><div xmlns="http://www.w3.org/1999/xhtml"><p><b>Generated Narrative: Consent</b><a name="hmb-npu-consent"> </a><a name="hchmb-npu-consent"> </a></p><div style="display: inline-block; background-color: #d9e0e7; padding: 6px; margin: 4px; border: 1px solid #8da1b4; border-radius: 5px; line-height: 60%"><p style="margin-bottom: 0px">Resource Consent &quot;hmb-npu-consent&quot; </p><p style="margin-bottom: 0px">Profile: <a href="StructureDefinition-ncpi-research-access-policy.html">NCPI Research Access Policy</a></p></div><p><b>Access Policy Description</b>: Health/Medical/Biomedical, Not for profit use</p><p><b>Research Web Link</b>: <a href="https://dbgap.ncbi.nlm.nih.gov/aa/wga.cgi?page=DUC&amp;view_pdf&amp;stacc=phs000711.v7.p2">https://dbgap.ncbi.nlm.nih.gov/aa/wga.cgi?page=DUC&amp;view_pdf&amp;stacc=phs000711.v7.p2</a></p><p><b>status</b>: draft</p><p><b>scope</b>: research <span style="background: LightGoldenRodYellow; margin: 4px; border: 1px solid khaki"> ([not stated]#research)</span></p><p><b>category</b>: Research Information Access <span style="background: LightGoldenRodYellow; margin: 4px; border: 1px solid khaki"> (<a href="http://terminology.hl7.org/5.3.0/CodeSystem-consentcategorycodes.html">Consent Category Codes</a>#research)</span></p><p><b>policyRule</b>: Common Rule Informed Consent <span style="background: LightGoldenRodYellow; margin: 4px; border: 1px solid khaki"> (<a href="http://terminology.hl7.org/5.3.0/CodeSystem-consentpolicycodes.html">Consent PolicyRule Codes</a>#cric)</span></p><h3>Provisions</h3><table class="grid"><tr><td style="display: none">-</td><td><b>Type</b></td><td><b>Purpose</b></td></tr><tr><td style="display: none">*</td><td>permit</td><td>Health/Medical/Biomedical (Details: https://nih-ncpi.github.io/ncpi-fhir-ig-2/CodeSystem/research-data-access-code code HMB = 'Health/Medical/Biomedical', stated as 'Health/Medical/Biomedical'), Not-for-profit use only (Details: https://nih-ncpi.github.io/ncpi-fhir-ig-2/CodeSystem/research-data-access-code code NPU = 'Not-for-profit use only', stated as 'Not-for-profit use only')</td></tr></table></div>
  </text>
  <extension url="https://nih-ncpi.github.io/ncpi-fhir-ig-2/StructureDefinition/access-policy-description">
    <valueMarkdown value="Health/Medical/Biomedical, Not for profit use"/>
  </extension>
  <extension url="https://nih-ncpi.github.io/ncpi-fhir-ig-2/StructureDefinition/research-web-Link">
    <valueUrl value="https://dbgap.ncbi.nlm.nih.gov/aa/wga.cgi?page=DUC&amp;view_pdf&amp;stacc=phs000711.v7.p2"/>
  </extension>
  <status value="draft"/>
  <scope>
    <coding>
      <code value="research"/>
    </coding>
  </scope>
  <category>
    <coding>
      <system value="http://terminology.hl7.org/CodeSystem/consentcategorycodes"/>
      <code value="research"/>
      <display value="Research Information Access"/>
    </coding>
  </category>
  <policyRule>
    <coding>
      <system value="http://terminology.hl7.org/CodeSystem/consentpolicycodes"/>
      <code value="cric"/>
    </coding>
  </policyRule>
  <provision>
    <type value="permit"/>
    <purpose>
      <system value="https://nih-ncpi.github.io/ncpi-fhir-ig-2/CodeSystem/research-data-access-code"/>
      <code value="HMB"/>
      <display value="Health/Medical/Biomedical"/>
    </purpose>
    <purpose>
      <system value="https://nih-ncpi.github.io/ncpi-fhir-ig-2/CodeSystem/research-data-access-code"/>
      <code value="NPU"/>
      <display value="Not-for-profit use only"/>
    </purpose>
  </provision>
</Consent>