<?xml version="1.0" encoding="UTF-8"?>

<Group xmlns="http://hl7.org/fhir">
  <id value="kf-research-study-cbtn-participants"/>
  <meta>
    <profile value="https://nih-ncpi.github.io/ncpi-fhir-ig-2/StructureDefinition/research-study-group"/>
  </meta>
  <text>
    <status value="generated"/><div xmlns="http://www.w3.org/1999/xhtml"><p><b>Generated Narrative: Group</b><a name="kf-research-study-cbtn-participants"> </a><a name="hckf-research-study-cbtn-participants"> </a></p><div style="display: inline-block; background-color: #d9e0e7; padding: 6px; margin: 4px; border: 1px solid #8da1b4; border-radius: 5px; line-height: 60%"><p style="margin-bottom: 0px">Resource Group &quot;kf-research-study-cbtn-participants&quot; </p><p style="margin-bottom: 0px">Profile: <a href="StructureDefinition-research-study-group.html">NCPI Research Study Group</a></p></div><p><b>identifier</b>: <code>https://cbtn.org/</code>/CBTN-Participants</p><p><b>type</b>: person</p><p><b>actual</b>: true</p><p><b>name</b>: Participants from the CBTN research study</p><p><b>quantity</b>: 6667</p></div>
  </text>
  <identifier>
    <system value="https://cbtn.org/"/>
    <value value="CBTN-Participants"/>
  </identifier>
  <type value="person"/>
  <actual value="true"/>
  <name value="Participants from the CBTN research study"/>
  <quantity value="6667"/>
</Group>