<?xml version="1.0" encoding="UTF-8"?>

<List xmlns="http://hl7.org/fhir">
  <id value="ncpi-research-collection-pbta"/>
  <meta>
    <profile value="https://nih-ncpi.github.io/ncpi-fhir-ig-2/StructureDefinition/ncpi-research-collection"/>
  </meta>
  <text>
    <status value="generated"/><div xmlns="http://www.w3.org/1999/xhtml"><h2>Pediatric Brain Tumor Atlas</h2><table class="clstu"><tr><td>Mode: snapshotStatus: currentCode: Consortium</td></tr><tr><td/></tr></table><table class="grid"><tr style="backgound-color: #eeeeee"><td><b>Items</b></td></tr><tr><td><a href="ResearchStudy-kf-research-study-cbtn.html">ResearchStudy/kf-research-study-cbtn</a></td></tr></table></div>
  </text>
  <extension url="https://nih-ncpi.github.io/ncpi-fhir-ig-2/StructureDefinition/research-web-Link">
    <valueUrl value="https://cbtn.org/pediatric-brain-tumor-atlas"/>
  </extension>
  <extension url="https://nih-ncpi.github.io/ncpi-fhir-ig-2/StructureDefinition/label-extension">
    <extension url="type">
      <valueCodeableConcept>
        <coding>
          <system value="http://terminology.hl7.org/CodeSystem/title-type"/>
          <code value="acronym"/>
        </coding>
      </valueCodeableConcept>
    </extension>
    <extension url="label">
      <valueString value="PBTA"/>
    </extension>
  </extension>
  <status value="current"/>
  <mode value="snapshot"/>
  <title value="Pediatric Brain Tumor Atlas"/>
  <code>
    <coding>
      <system value="https://nih-ncpi.github.io/ncpi-fhir-ig-2/CodeSystem/collection-type"/>
      <code value="consortium"/>
      <display value="Consortium"/>
    </coding>
  </code>
  <note>
    <text value="The Pediatric Brain Tumor Atlas (PBTA) is a collaborative effort to accelerate discoveries for therapeutic intervention for children diagnosed with a brain tumor. The first PBTA dataset release occurred in September of 2018 and includes data from tumor types including matched tumor/normal, whole genome data (WGS), RNAseq, proteomics, longitudinal clinical data, imaging data including MRIs and radiology reports, histology slide images and pathology reports. Funding for this initiative was provided by more than 50 foundation sponsors"/>
  </note>
  <entry>
    <item>
      <reference value="ResearchStudy/kf-research-study-cbtn"/>
    </item>
  </entry>
</List>