<?xml version="1.0" encoding="UTF-8"?>

<ResearchStudy xmlns="http://hl7.org/fhir">
  <id value="cmg-research-study-bhcmg"/>
  <meta>
    <profile value="https://nih-ncpi.github.io/ncpi-fhir-ig-2/StructureDefinition/ncpi-research-study"/>
  </meta>
  <text>
    <status value="extensions"/><div xmlns="http://www.w3.org/1999/xhtml"><p><b>Generated Narrative: ResearchStudy</b><a name="cmg-research-study-bhcmg"> </a><a name="hccmg-research-study-bhcmg"> </a></p><div style="display: inline-block; background-color: #d9e0e7; padding: 6px; margin: 4px; border: 1px solid #8da1b4; border-radius: 5px; line-height: 60%"><p style="margin-bottom: 0px">Resource ResearchStudy &quot;cmg-research-study-bhcmg&quot; </p><p style="margin-bottom: 0px">Profile: <a href="StructureDefinition-ncpi-research-study.html">NCPI Research Study</a></p></div><blockquote><p><b>Research Study Associated Party</b></p><blockquote><p><b>url</b></p><code>name</code></blockquote><p><b>value</b>: 1U54HG006542 National Human Genome Research Institute and National Heart, Lung, and Blood Institute, National Institutes of Health, Bethesda, MD, USA.</p><blockquote><p><b>url</b></p><code>role</code></blockquote><p><b>value</b>: funding-source <span style="background: LightGoldenRodYellow; margin: 4px; border: 1px solid khaki"> ([not stated]#funding-source)</span></p><blockquote><p><b>url</b></p><code>classifier</code></blockquote><p><b>value</b>: nih <span style="background: LightGoldenRodYellow; margin: 4px; border: 1px solid khaki"> ([not stated]#nih)</span></p></blockquote><p><b>identifier</b>: <code>http://mendelian.org/fhir</code>/BH-CMG, <code>https://www.ncbi.nlm.nih.gov/projects/gap/cgi-bin/study.cgi?study_id=</code>/phs000711</p><p><b>title</b>: Baylor Hopkins Center for Mendelian Genomics (BH CMG)</p><p><b>status</b>: completed</p><p><b>focus</b>: Mendelian Randomization Analysis <span style="background: LightGoldenRodYellow; margin: 4px; border: 1px solid khaki"> (unknown#D057182; unknown#D056769 &quot;Alstrom Syndrome&quot;; unknown#D019571 &quot;Arrhythmogenic Right Ventricular Dysplasia&quot;; unknown#D013576 &quot;Syndactyly&quot;; unknown#D019465 &quot;Craniofacial Abnormalities&quot;)</span></p><h3>RelatedArtifacts</h3><table class="grid"><tr><td style="display: none">-</td><td><b>Type</b></td><td><b>Label</b></td><td><b>Display</b></td><td><b>Citation</b></td><td><b>Url</b></td></tr><tr><td style="display: none">*</td><td>documentation</td><td>acronym</td><td>BH-CMG</td><td> </td><td> </td></tr><tr><td style="display: none">*</td><td>documentation</td><td>Website</td><td> </td><td> </td><td><a href="https://mendeliangenomics.org/">https://mendeliangenomics.org/</a></td></tr><tr><td style="display: none">*</td><td>citation</td><td> </td><td> </td><td>National Institutes of Health (NIH) support was provided in part by a grant from the National Human Genome Research Institute and the National Heart, Lung, and Blood Institute (1U54HG006542) to Dr. David Valle for the Baylor Hopkins Center for Mendelian Genomics program. The dataset(s) used for the analyses described in this manuscript was obtained from the database of Genotype and Phenotype (dbGaP) found at http://www.ncbi.nlm.nih.gov/gap through dbGaP accession number phs000711.v7.p2.</td><td> </td></tr><tr><td style="display: none">*</td><td>citation</td><td>Publication</td><td> </td><td>Gonzaga-Jauregui C, Lupski JR, Gibbs RA
Human genome sequencing in health and disease.
Annu Rev Med. 2012; 63:35-61.
PMID: 22248320</td><td> </td></tr><tr><td style="display: none">*</td><td>citation</td><td>Publication</td><td> </td><td>Bamshad MJ, Shendure JA, Valle D, Hamosh A, Lupski JR, Gibbs RA, Boerwinkle E, Lifton RP, Gerstein M, Gunel M, Mane S, Nickerson DA, Centers for Mendelian Genomics
The Centers for Mendelian Genomics: a new large-scale initiative to identify the genes underlying rare Mendelian conditions.
Am J Med Genet A. 2012 Jul; 158A(7):1523-5.
PMID: 22628075</td><td> </td></tr><tr><td style="display: none">*</td><td>citation</td><td>Publication</td><td> </td><td>Boone PM, Campbell IM, Baggett BC, Soens ZT, Rao MM, Hixson PM, Patel A, Bi W, Cheung SW, Lalani SR, Beaudet AL, Stankiewicz P, Shaw CA, Lupski JR
Deletions of recessive disease genes: CNV contribution to carrier states and disease-causing alleles.
Genome Res. 2013 Sep; 23(9):1383-94.
PMID: 23685542</td><td> </td></tr><tr><td style="display: none">*</td><td>citation</td><td>Publication</td><td> </td><td>Cheung YH, Gayden T, Campeau PM, LeDuc CA, Russo D, Nguyen VH, Guo J, Qi M, Guan Y, Albrecht S, Moroz B, Eldin KW, Lu JT, Schwartzentruber J, Malkin D, Berghuis AM, Emil S, Gibbs RA, Burk DL, Vanstone M, Lee BH, Orchard D, Boycott KM, Chung WK, Jabado N
A recurrent PDGFRB mutation causes familial infantile myofibromatosis.
Am J Hum Genet. 2013 Jun 06; 92(6):996-1000.
PMID: 23731537</td><td> </td></tr><tr><td style="display: none">*</td><td>citation</td><td>Publication</td><td> </td><td>Campeau PM, Kasperaviciute D, Lu JT, Burrage LC, Kim C, Hori M, Powell BR, Stewart F, Félix TM, van den Ende J, Wisniewska M, Kayserili H, Rump P, Nampoothiri S, Aftimos S, Mey A, Nair LD, Begleiter ML, De Bie I, Meenakshi G, Murray ML, Repetto GM, Golabi M, Blair E, Male A, Giuliano F, Kariminejad A, Newman WG, Bhaskar SS, Dickerson JE, Kerr B, Banka S, Giltay JC, Wieczorek D, Tostevin A, Wiszniewska J, Cheung SW, Hennekam RC, Gibbs RA, Lee BH, Sisodiya SM
The genetic basis of DOORS syndrome: an exome-sequencing study.
Lancet Neurol. 2014 Jan; 13(1):44-58.
PMID: 24291220</td><td> </td></tr><tr><td style="display: none">*</td><td>documentation</td><td>AdditionalDocumentation</td><td> </td><td> </td><td><a href="https://app.terra.bio/#workspaces/anvil-datastorage/AnVIL_CMG_BaylorHopkins_HMB-IRB-NPU_WES">https://app.terra.bio/#workspaces/anvil-datastorage/AnVIL_CMG_BaylorHopkins_HMB-IRB-NPU_WES</a></td></tr><tr><td style="display: none">*</td><td>documentation</td><td>Grant</td><td>1U54HG006542. National Human Genome Research Institute and National Heart, Lung, and Blood Institute, National Institutes of Health, Bethesda, MD, USA.</td><td> </td><td> </td></tr></table><p><b>description</b>: The Centers for Mendelian Genomics project uses next-generation sequencing and computational approaches to discover the genes and variants that underlie Mendelian conditions. By discovering genes that cause Mendelian conditions, we will expand our understanding of their biology to facilitate diagnosis and new treatments.</p></div>
  </text>
  <extension url="https://nih-ncpi.github.io/ncpi-fhir-ig-2/StructureDefinition/research-study-associated-party">
    <extension url="name">
      <valueString value="1U54HG006542 National Human Genome Research Institute and National Heart, Lung, and Blood Institute, National Institutes of Health, Bethesda, MD, USA."/>
    </extension>
    <extension url="role">
      <valueCodeableConcept>
        <coding>
          <code value="funding-source"/>
        </coding>
      </valueCodeableConcept>
    </extension>
    <extension url="classifier">
      <valueCodeableConcept>
        <coding>
          <code value="nih"/>
        </coding>
      </valueCodeableConcept>
    </extension>
  </extension>
  <identifier>
    <system value="http://mendelian.org/fhir"/>
    <value value="BH-CMG"/>
  </identifier>
  <identifier>
    <system value="https://www.ncbi.nlm.nih.gov/projects/gap/cgi-bin/study.cgi?study_id="/>
    <value value="phs000711"/>
  </identifier>
  <title value="Baylor Hopkins Center for Mendelian Genomics (BH CMG)"/>
  <status value="completed"/>
  <focus>
    <coding>
      <system value="urn:oid:2.16.840.1.113883.6.177"/>
      <code value="D057182"/>
      <display value="Mendelian Randomization Analysis"/>
    </coding>
    <coding>
      <system value="urn:oid:2.16.840.1.113883.6.177"/>
      <code value="D056769"/>
      <display value="Alstrom Syndrome"/>
    </coding>
    <coding>
      <system value="urn:oid:2.16.840.1.113883.6.177"/>
      <code value="D019571"/>
      <display value="Arrhythmogenic Right Ventricular Dysplasia"/>
    </coding>
    <coding>
      <system value="urn:oid:2.16.840.1.113883.6.177"/>
      <code value="D013576"/>
      <display value="Syndactyly"/>
    </coding>
    <coding>
      <system value="urn:oid:2.16.840.1.113883.6.177"/>
      <code value="D019465"/>
      <display value="Craniofacial Abnormalities"/>
    </coding>
  </focus>
  <relatedArtifact>
    <type value="documentation"/>
    <label value="acronym"/>
    <display value="BH-CMG"/>
  </relatedArtifact>
  <relatedArtifact>
    <type value="documentation"/>
    <label value="Website"/>
    <url value="https://mendeliangenomics.org/"/>
  </relatedArtifact>
  <relatedArtifact>
    <type value="citation"/>
    <citation value="National Institutes of Health (NIH) support was provided in part by a grant from the National Human Genome Research Institute and the National Heart, Lung, and Blood Institute (1U54HG006542) to Dr. David Valle for the Baylor Hopkins Center for Mendelian Genomics program. The dataset(s) used for the analyses described in this manuscript was obtained from the database of Genotype and Phenotype (dbGaP) found at http://www.ncbi.nlm.nih.gov/gap through dbGaP accession number phs000711.v7.p2."/>
  </relatedArtifact>
  <relatedArtifact>
    <type value="citation"/>
    <label value="Publication"/>
    <citation value="Gonzaga-Jauregui C, Lupski JR, Gibbs RA&#xA;Human genome sequencing in health and disease.&#xA;Annu Rev Med. 2012; 63:35-61.&#xA;PMID: 22248320"/>
  </relatedArtifact>
  <relatedArtifact>
    <type value="citation"/>
    <label value="Publication"/>
    <citation value="Bamshad MJ, Shendure JA, Valle D, Hamosh A, Lupski JR, Gibbs RA, Boerwinkle E, Lifton RP, Gerstein M, Gunel M, Mane S, Nickerson DA, Centers for Mendelian Genomics&#xA;The Centers for Mendelian Genomics: a new large-scale initiative to identify the genes underlying rare Mendelian conditions.&#xA;Am J Med Genet A. 2012 Jul; 158A(7):1523-5.&#xA;PMID: 22628075"/>
  </relatedArtifact>
  <relatedArtifact>
    <type value="citation"/>
    <label value="Publication"/>
    <citation value="Boone PM, Campbell IM, Baggett BC, Soens ZT, Rao MM, Hixson PM, Patel A, Bi W, Cheung SW, Lalani SR, Beaudet AL, Stankiewicz P, Shaw CA, Lupski JR&#xA;Deletions of recessive disease genes: CNV contribution to carrier states and disease-causing alleles.&#xA;Genome Res. 2013 Sep; 23(9):1383-94.&#xA;PMID: 23685542"/>
  </relatedArtifact>
  <relatedArtifact>
    <type value="citation"/>
    <label value="Publication"/>
    <citation value="Cheung YH, Gayden T, Campeau PM, LeDuc CA, Russo D, Nguyen VH, Guo J, Qi M, Guan Y, Albrecht S, Moroz B, Eldin KW, Lu JT, Schwartzentruber J, Malkin D, Berghuis AM, Emil S, Gibbs RA, Burk DL, Vanstone M, Lee BH, Orchard D, Boycott KM, Chung WK, Jabado N&#xA;A recurrent PDGFRB mutation causes familial infantile myofibromatosis.&#xA;Am J Hum Genet. 2013 Jun 06; 92(6):996-1000.&#xA;PMID: 23731537"/>
  </relatedArtifact>
  <relatedArtifact>
    <type value="citation"/>
    <label value="Publication"/>
    <citation value="Campeau PM, Kasperaviciute D, Lu JT, Burrage LC, Kim C, Hori M, Powell BR, Stewart F, Félix TM, van den Ende J, Wisniewska M, Kayserili H, Rump P, Nampoothiri S, Aftimos S, Mey A, Nair LD, Begleiter ML, De Bie I, Meenakshi G, Murray ML, Repetto GM, Golabi M, Blair E, Male A, Giuliano F, Kariminejad A, Newman WG, Bhaskar SS, Dickerson JE, Kerr B, Banka S, Giltay JC, Wieczorek D, Tostevin A, Wiszniewska J, Cheung SW, Hennekam RC, Gibbs RA, Lee BH, Sisodiya SM&#xA;The genetic basis of DOORS syndrome: an exome-sequencing study.&#xA;Lancet Neurol. 2014 Jan; 13(1):44-58.&#xA;PMID: 24291220"/>
  </relatedArtifact>
  <relatedArtifact>
    <type value="documentation"/>
    <label value="AdditionalDocumentation"/>
    <url value="https://app.terra.bio/#workspaces/anvil-datastorage/AnVIL_CMG_BaylorHopkins_HMB-IRB-NPU_WES"/>
  </relatedArtifact>
  <relatedArtifact>
    <type value="documentation"/>
    <label value="Grant"/>
    <display value="1U54HG006542. National Human Genome Research Institute and National Heart, Lung, and Blood Institute, National Institutes of Health, Bethesda, MD, USA."/>
  </relatedArtifact>
  <description value="The Centers for Mendelian Genomics project uses next-generation sequencing and computational approaches to discover the genes and variants that underlie Mendelian conditions. By discovering genes that cause Mendelian conditions, we will expand our understanding of their biology to facilitate diagnosis and new treatments."/>
</ResearchStudy>