<?xml version="1.0" encoding="UTF-8"?>

<ValueSet xmlns="http://hl7.org/fhir">
  <id value="mesh-terms"/>
  <text>
    <status value="generated"/><div xmlns="http://www.w3.org/1999/xhtml"><ul><li>Include all codes defined in <code>urn:oid:2.16.840.1.113883.6.177</code></li></ul></div>
  </text>
  <url value="https://nih-ncpi.github.io/ncpi-fhir-ig-2/ValueSet/mesh-terms"/>
  <version value="0.1.0"/>
  <name value="MeshTerms"/>
  <title value="MeSH Terms"/>
  <status value="draft"/>
  <experimental value="false"/>
  <date value="2024-03-11T22:11:27+00:00"/>
  <publisher value="NCPI FHIR Working Group"/>
  <contact>
    <name value="NCPI FHIR Working Group"/>
    <telecom>
      <system value="url"/>
      <value value="http://example.org/example-publisher"/>
    </telecom>
    <telecom>
      <system value="email"/>
      <value value="ncpi-fhir-ig@googlegroups.com"/>
    </telecom>
  </contact>
  <description value="Example terms from Medical Subject Headings (MeSH) Ontology"/>
  <compose>
    <include>
      <system value="urn:oid:2.16.840.1.113883.6.177"/>
    </include>
  </compose>
</ValueSet>