<?xml version="1.0" encoding="UTF-8"?><ValueSet xmlns="http://hl7.org/fhir"><id value="collection-type-vs"/><text><status value="generated"/><div xmlns="http://www.w3.org/1999/xhtml"><ul><li>Include all codes defined in <a href="CodeSystem-collection-type.html"><code>https://nih-ncpi.github.io/ncpi-fhir-ig-2/CodeSystem/collection-type</code></a></li></ul></div></text><url value="https://nih-ncpi.github.io/ncpi-fhir-ig-2/ValueSet/collection-type-vs"/><version value="0.1.0"/><name value="CollectionTypeVS"/><title value="Collection Type"/><status value="draft"/><experimental value="false"/><date value="2024-03-21T20:04:56+00:00"/><publisher value="NCPI FHIR Working Group"/><contact><name value="NCPI FHIR Working Group"/><telecom><system value="url"/><value value="http://example.org/example-publisher"/></telecom><telecom><system value="email"/><value value="ncpi-fhir-ig@googlegroups.com"/></telecom></contact><description value="Enumerated list of Collection types"/><compose><include><system value="https://nih-ncpi.github.io/ncpi-fhir-ig-2/CodeSystem/collection-type"/></include></compose></ValueSet>