<?xml version="1.0" encoding="UTF-8"?><ValueSet xmlns="http://hl7.org/fhir"><id value="study-design"/><text><status value="generated"/><div xmlns="http://www.w3.org/1999/xhtml"><ul><li>Include all codes defined in <code>https://hl7.org/fhir/codesystem-study-design.html</code></li></ul></div></text><url value="https://nih-ncpi.github.io/ncpi-fhir-ig-2/ValueSet/study-design"/><version value="0.1.0"/><name value="StudyDesign"/><title value="Study Design"/><status value="draft"/><experimental value="false"/><date value="2023-11-17T22:43:52+00:00"/><publisher value="NCPI FHIR Working Group"/><contact><name value="NCPI FHIR Working Group"/><telecom><system value="url"/><value value="http://example.org/example-publisher"/></telecom><telecom><system value="email"/><value value="ncpi-fhir-ig@googlegroups.com"/></telecom></contact><description value="This is a set of terms for study design characteristics."/><compose><include><system value="https://hl7.org/fhir/codesystem-study-design.html"/></include></compose></ValueSet>