[
  {
    "id" : "ncpi",
    "type" : "CodeSystem",
    "url" : "https://nih-ncpi.github.io/ncpi-fhir-ig-2/CodeSystem/ncpi",
    "version" : "0.1.0",
    "name" : "Ncpi"
  },
  {
    "id" : "study-name-type",
    "type" : "CodeSystem",
    "url" : "https://nih-ncpi.github.io/ncpi-fhir-ig-2/CodeSystem/study-name-type",
    "version" : "0.1.0",
    "name" : "StudyNameType"
  },
  {
    "id" : "study-personnel-role",
    "type" : "CodeSystem",
    "url" : "https://nih-ncpi.github.io/ncpi-fhir-ig-2/CodeSystem/study-personnel-role",
    "version" : "0.1.0",
    "name" : "StudyPersonnelRole"
  },
  {
    "id" : "ncpi-fhir-implementation-guide-v2",
    "type" : "ImplementationGuide",
    "url" : "https://nih-ncpi.github.io/ncpi-fhir-ig-2/ImplementationGuide/ncpi-fhir-implementation-guide-v2",
    "version" : "0.1.0",
    "name" : "NCPIFHIRIGv2"
  },
  {
    "id" : "CommonDataModelResearchStudy",
    "type" : "StructureDefinition",
    "url" : "https://nih-ncpi.github.io/ncpi-fhir-ig-2/StructureDefinition/CommonDataModelResearchStudy",
    "version" : "0.1.0",
    "name" : "CdmResearchStudy"
  },
  {
    "id" : "MyPatient",
    "type" : "StructureDefinition",
    "url" : "https://nih-ncpi.github.io/ncpi-fhir-ig-2/StructureDefinition/MyPatient",
    "version" : "0.1.0",
    "name" : "MyPatient"
  },
  {
    "id" : "ncpi-research-study",
    "type" : "StructureDefinition",
    "url" : "https://nih-ncpi.github.io/ncpi-fhir-ig-2/StructureDefinition/ncpi-research-study",
    "version" : "0.1.0",
    "name" : "NcpiResearchStudy"
  },
  {
    "id" : "research-study-associated-party",
    "type" : "StructureDefinition",
    "url" : "https://nih-ncpi.github.io/ncpi-fhir-ig-2/StructureDefinition/research-study-associated-party",
    "version" : "0.1.0",
    "name" : "ResearchStudyAssociatedParty"
  },
  {
    "id" : "research-study-design",
    "type" : "StructureDefinition",
    "url" : "https://nih-ncpi.github.io/ncpi-fhir-ig-2/StructureDefinition/research-study-design",
    "version" : "0.1.0",
    "name" : "ResearchStudyDesign"
  },
  {
    "id" : "research-study-result",
    "type" : "StructureDefinition",
    "url" : "https://nih-ncpi.github.io/ncpi-fhir-ig-2/StructureDefinition/research-study-result",
    "version" : "0.1.0",
    "name" : "ResearchStudyResult"
  },
  {
    "id" : "study-name-type-vs",
    "type" : "ValueSet",
    "url" : "https://nih-ncpi.github.io/ncpi-fhir-ig-2/ValueSet/study-name-type-vs",
    "version" : "0.1.0",
    "name" : "StudyNameTypeVS"
  },
  {
    "id" : "study-personnel-role-vs",
    "type" : "ValueSet",
    "url" : "https://nih-ncpi.github.io/ncpi-fhir-ig-2/ValueSet/study-personnel-role-vs",
    "version" : "0.1.0",
    "name" : "StudyPersonnelRoleVS"
  }
]
