{
  "codeSystems" : [
    {
      "url" : "https://nih-ncpi.github.io/ncpi-fhir-ig-2/CodeSystem/study-name-type",
      "version" : "0.1.0",
      "status" : "draft",
      "name" : "StudyNameType",
      "title" : "Study Name Type",
      "description" : "Some common types of study 'names'.",
      "uses" : {
      },
      "ValueSet-study-name-type-vs.html" : "Study Name Type"
    },
    {
      "url" : "https://nih-ncpi.github.io/ncpi-fhir-ig-2/CodeSystem/study-personnel-role",
      "version" : "0.1.0",
      "status" : "draft",
      "name" : "StudyPersonnelRole",
      "title" : "Study Personnel Role",
      "description" : "Roles associated with study personnel.",
      "uses" : {
      },
      "ValueSet-study-personnel-role-vs.html" : "Study Personnel Role"
    }
  ]
}
