{
  "codeSystems" : [
    {
      "url" : "https://nih-ncpi.github.io/ncpi-fhir-ig-2/CodeSystem/study-name-type",
      "version" : "0.1.0",
      "status" : "draft",
      "name" : "StudyNameType",
      "title" : "Study Name Type",
      "description" : "Some common types of study 'names'.",
      "uses" : {
      },
      "ValueSet-study-name-type-vs.html" : "Study Name Type"
    },
    {
      "url" : "https://nih-ncpi.github.io/ncpi-fhir-ig-2/CodeSystem/study-personnel-role",
      "version" : "0.1.0",
      "status" : "draft",
      "name" : "StudyPersonnelRole",
      "title" : "Study Personnel Role",
      "description" : "Roles associated with study personnel.",
      "uses" : {
      },
      "ValueSet-study-personnel-role-vs.html" : "Study Personnel Role"
    },
    {
      "url" : "https://nih-ncpi.github.ioo/ncpi-fhir-ig-2/CodeSystem/collection-type",
      "version" : "0.1.0",
      "status" : "draft",
      "name" : "CollectionType",
      "title" : "Collection Type",
      "description" : "Enumerated list of collection types",
      "uses" : {
      },
      "ValueSet-collection-type-vs.html" : "Collection Type"
    },
    {
      "url" : "https://nih-ncpi.github.ioo/ncpi-fhir-ig-2/CodeSystem/data-access-code",
      "version" : "0.1.0",
      "status" : "draft",
      "name" : "ResearchDataAccessCode",
      "title" : "Research Data Access Codes",
      "description" : "Enumerated list of access codes such as dbGaP consent codes among others.",
      "uses" : {
      },
      "ValueSet-research-data-access-code-vs.html" : "Research Data Access Codes"
    }
  ]
}
