{
  "package": "ncpi-fhir-implementation-guide-v2",
  "version": "0.1.0",
  "fhirVersion": "4.3.0",
  "extensions": [
    {
      "url": "https://nih-ncpi.github.io/ncpi-fhir-ig-2/StructureDefinition/research-study-associated-party",
      "title": "Research Study Associated Party",
      "types": [
        "string",
        "CodeableConcept",
        "Period",
        "CodeableConcept",
        "Reference",
        "base64Binary",
        "boolean",
        "canonical",
        "code",
        "date",
        "dateTime",
        "decimal",
        "id",
        "instant",
        "integer",
        "markdown",
        "oid",
        "positiveInt",
        "string",
        "time",
        "unsignedInt",
        "uri",
        "url",
        "uuid",
        "Address",
        "Age",
        "Annotation",
        "Attachment",
        "CodeableConcept",
        "CodeableReference",
        "Coding",
        "ContactPoint",
        "Count",
        "Distance",
        "Duration",
        "HumanName",
        "Identifier",
        "Money",
        "Period",
        "Quantity",
        "Range",
        "Ratio",
        "RatioRange",
        "Reference",
        "SampledData",
        "Signature",
        "Timing",
        "ContactDetail",
        "Contributor",
        "DataRequirement",
        "Expression",
        "ParameterDefinition",
        "RelatedArtifact",
        "TriggerDefinition",
        "UsageContext",
        "Dosage"
      ]
    },
    {
      "url": "https://nih-ncpi.github.io/ncpi-fhir-ig-2/StructureDefinition/research-study-design",
      "title": "Research Study Design",
      "types": [
        "CodeableConcept"
      ]
    },
    {
      "url": "https://nih-ncpi.github.io/ncpi-fhir-ig-2/StructureDefinition/research-study-result",
      "title": "Research Study Result",
      "types": [
        "Reference",
        "Reference"
      ]
    }
  ],
  "profiles": {
    "Patient": [
      {
        "url": "https://nih-ncpi.github.io/ncpi-fhir-ig-2/StructureDefinition/MyPatient",
        "title": "MyPatient"
      }
    ],
    "ResearchStudy": [
      {
        "url": "https://nih-ncpi.github.io/ncpi-fhir-ig-2/StructureDefinition/ncpi-research-study",
        "title": "NCPI Research Study"
      }
    ]
  },
  "usage": {
    "http://hl7.org/fhir/StructureDefinition/elementdefinition-bestpractice": [
      "StructureDefinition.snapshot.element.constraint"
    ],
    "http://hl7.org/fhir/StructureDefinition/elementdefinition-bestpractice-explanation": [
      "StructureDefinition.snapshot.element.constraint"
    ],
    "http://hl7.org/fhir/StructureDefinition/elementdefinition-bindingName": [
      "StructureDefinition.snapshot.element.binding"
    ],
    "http://hl7.org/fhir/StructureDefinition/elementdefinition-maxValueSet": [
      "StructureDefinition.snapshot.element.binding"
    ],
    "http://hl7.org/fhir/StructureDefinition/elementdefinition-translatable": [
      "StructureDefinition.snapshot.element"
    ],
    "http://hl7.org/fhir/StructureDefinition/structuredefinition-fhir-type": [
      "StructureDefinition.snapshot.element.type"
    ],
    "http://hl7.org/fhir/StructureDefinition/structuredefinition-hierarchy": [
      "StructureDefinition.snapshot.element.type"
    ],
    "http://hl7.org/fhir/tools/StructureDefinition/ig-internal-dependency": [
      "ImplementationGuide.definition"
    ],
    "http://hl7.org/fhir/tools/StructureDefinition/ig-parameter": [
      "ImplementationGuide.definition"
    ],
    "http://hl7.org/fhir/tools/StructureDefinition/implementationguide-dependency-comment": [
      "ImplementationGuide.dependsOn"
    ],
    "http://hl7.org/fhir/tools/StructureDefinition/resource-information": [
      "ImplementationGuide.definition.resource"
    ],
    "https://nih-ncpi.github.io/ncpi-fhir-ig-2/StructureDefinition/research-study-design": [
      "ResearchStudy"
    ],
    "https://nih-ncpi.github.io/ncpi-fhir-ig-2/StructureDefinition/research-study-result": [
      "ResearchStudy"
    ]
  }
}