{
  "resourceType" : "ValueSet",
  "id" : "study-design",
  "text" : {
    "status" : "generated",
    "div" : "<div xmlns=\"http://www.w3.org/1999/xhtml\"><ul><li>Include all codes defined in <code>https://hl7.org/fhir/codesystem-study-design.html</code></li></ul></div>"
  },
  "url" : "https://nih-ncpi.github.io/ncpi-fhir-ig-2/ValueSet/study-design",
  "version" : "0.1.0",
  "name" : "StudyDesign",
  "title" : "Study Design",
  "status" : "draft",
  "experimental" : false,
  "date" : "2023-11-17T22:43:52+00:00",
  "publisher" : "NCPI FHIR Working Group",
  "contact" : [{
    "name" : "NCPI FHIR Working Group",
    "telecom" : [{
      "system" : "url",
      "value" : "http://example.org/example-publisher"
    },
    {
      "system" : "email",
      "value" : "ncpi-fhir-ig@googlegroups.com"
    }]
  }],
  "description" : "This is a set of terms for study design characteristics.",
  "compose" : {
    "include" : [{
      "system" : "https://hl7.org/fhir/codesystem-study-design.html"
    }]
  }
}