<?xml version="1.0" encoding="UTF-8"?>

<ValueSet xmlns="http://hl7.org/fhir">
  <id value="study-personnel-role"/>
  <text>
    <status value="generated"/><div xmlns="http://www.w3.org/1999/xhtml"><ul><li>Include these codes as defined in <code>https://nih-ncpi.github.io/ncpi-fhir-ig/ValueSet/study-personnel-role</code><table class="none"><tr><td style="white-space:nowrap"><b>Code</b></td><td><b>Display</b></td></tr><tr><td>primary-investigator</td><td>Primary Investigator</td></tr><tr><td>administrator</td><td>Administrator</td></tr><tr><td>collaborator</td><td>Collaborator</td></tr></table></li></ul></div>
  </text>
  <url value="https://nih-ncpi.github.io/ncpi-fhir-ig-2/ValueSet/study-personnel-role"/>
  <version value="0.1.0"/>
  <name value="StudyPersonnelRoleVS"/>
  <title value="Study Personnel Role"/>
  <status value="draft"/>
  <date value="2023-11-17T22:43:52+00:00"/>
  <publisher value="NCPI FHIR Working Group"/>
  <contact>
    <name value="NCPI FHIR Working Group"/>
    <telecom>
      <system value="url"/>
      <value value="http://example.org/example-publisher"/>
    </telecom>
    <telecom>
      <system value="email"/>
      <value value="ncpi-fhir-ig@googlegroups.com"/>
    </telecom>
  </contact>
  <description value="Roles associated with study personnel."/>
  <compose>
    <include>
      <system value="https://nih-ncpi.github.io/ncpi-fhir-ig/ValueSet/study-personnel-role"/>
      <concept>
        <code value="primary-investigator"/>
        <display value="Primary Investigator"/>
      </concept>
      <concept>
        <code value="administrator"/>
        <display value="Administrator"/>
      </concept>
      <concept>
        <code value="collaborator"/>
        <display value="Collaborator"/>
      </concept>
    </include>
  </compose>
</ValueSet>