{
  "codeSystems" : [
    {
      "url" : "http://hl7.org/fhir/ValueSet/administrative-gender",
      "version" : "4.3.0",
      "status" : "active",
      "name" : "AdministrativeGender",
      "title" : "AdministrativeGender",
      "description" : "The gender of a person used for administrative purposes.",
      "systems" : ["http://hl7.org/fhir/administrative-gender"],
      "oids" : ["2.16.840.1.113883.4.642.3.1"],
      "sources" : ["2.16.840.1.113883.4.642.3.1"],
      "uses" : {
      },
      "StructureDefinition-MyPatient.html" : "MyPatient"
    },
    {
      "url" : "http://hl7.org/fhir/ValueSet/condition-code",
      "version" : "4.3.0",
      "status" : "draft",
      "name" : "Condition/Problem/DiagnosisCodes",
      "title" : "Condition/Problem/Diagnosis Codes",
      "description" : "Example value set for Condition/Problem/Diagnosis codes.",
      "systems" : ["http://snomed.info/sct"],
      "oids" : ["2.16.840.1.113883.4.642.3.161"],
      "sources" : ["2.16.840.1.113883.4.642.3.161"],
      "uses" : {
      },
      "StructureDefinition-ncpi-research-study.html" : "NCPI Research Study"
    },
    {
      "url" : "http://hl7.org/fhir/ValueSet/jurisdiction",
      "version" : "4.3.0",
      "status" : "active",
      "name" : "Jurisdiction ValueSet",
      "title" : "Jurisdiction",
      "description" : "This value set defines a base set of codes for country, country subdivision and region    for indicating where a resource is intended to be used.   \r\n   \r\n   Note: The codes for countries and country subdivisions are taken from    [ISO 3166](https://www.iso.org/iso-3166-country-codes.html)    while the codes for \"supra-national\" regions are from    [UN Standard country or area codes for statistical use (M49)](http://unstats.un.org/unsd/methods/m49/m49.htm).",
      "systems" : [
        "http://unstats.un.org/unsd/methods/m49/m49.htm",
        "urn:iso:std:iso:3166",
        "urn:iso:std:iso:3166:-2"
      ],
      "oids" : ["2.16.840.1.113883.4.642.3.48"],
      "sources" : ["2.16.840.1.113883.4.642.3.48"],
      "uses" : {
      },
      "StructureDefinition-ncpi-research-study.html" : "NCPI Research Study"
    },
    {
      "url" : "http://hl7.org/fhir/ValueSet/languages",
      "version" : "4.3.0",
      "status" : "draft",
      "name" : "CommonLanguages",
      "title" : "Common Languages",
      "description" : "This value set includes common codes from BCP-47 (http://tools.ietf.org/html/bcp47)",
      "systems" : ["urn:ietf:bcp:47"],
      "oids" : ["2.16.840.1.113883.4.642.3.20"],
      "sources" : ["2.16.840.1.113883.4.642.3.20"],
      "uses" : {
      },
      "StructureDefinition-MyPatient.html" : "MyPatient",
      "StructureDefinition-ncpi-research-study.html" : "NCPI Research Study"
    },
    {
      "url" : "http://hl7.org/fhir/ValueSet/link-type",
      "version" : "4.3.0",
      "status" : "active",
      "name" : "LinkType",
      "title" : "LinkType",
      "description" : "The type of link between this patient resource and another patient resource.",
      "systems" : ["http://hl7.org/fhir/link-type"],
      "oids" : ["2.16.840.1.113883.4.642.3.423"],
      "sources" : ["2.16.840.1.113883.4.642.3.423"],
      "uses" : {
      },
      "StructureDefinition-MyPatient.html" : "MyPatient"
    },
    {
      "url" : "http://hl7.org/fhir/ValueSet/marital-status",
      "version" : "4.3.0",
      "status" : "active",
      "name" : "Marital Status Codes",
      "title" : "MaritalStatus",
      "description" : "This value set defines the set of codes that can be used to indicate the marital status of a person.",
      "systems" : [
        "http://terminology.hl7.org/CodeSystem/v3-MaritalStatus",
        "http://terminology.hl7.org/CodeSystem/v3-NullFlavor"
      ],
      "oids" : ["2.16.840.1.113883.4.642.3.29"],
      "sources" : ["2.16.840.1.113883.4.642.3.29"],
      "uses" : {
      },
      "StructureDefinition-MyPatient.html" : "MyPatient"
    },
    {
      "url" : "http://hl7.org/fhir/ValueSet/patient-contactrelationship",
      "version" : "4.3.0",
      "status" : "active",
      "name" : "PatientContactRelationship",
      "title" : "Patient Contact Relationship",
      "description" : "The nature of the relationship between the patient and the contact person.",
      "systems" : ["http://terminology.hl7.org/CodeSystem/v2-0131"],
      "oids" : ["2.16.840.1.113883.4.642.3.1130"],
      "sources" : ["2.16.840.1.113883.4.642.3.1130"],
      "uses" : {
      },
      "StructureDefinition-MyPatient.html" : "MyPatient"
    },
    {
      "url" : "http://hl7.org/fhir/ValueSet/research-study-objective-type",
      "version" : "4.3.0",
      "status" : "draft",
      "name" : "ResearchStudyObjectiveType",
      "title" : "ResearchStudyObjectiveType",
      "description" : "Codes for the kind of study objective.",
      "systems" : [
        "http://terminology.hl7.org/CodeSystem/research-study-objective-type"
      ],
      "oids" : ["2.16.840.1.113883.4.642.3.823"],
      "sources" : ["2.16.840.1.113883.4.642.3.823"],
      "uses" : {
      },
      "StructureDefinition-ncpi-research-study.html" : "NCPI Research Study"
    },
    {
      "url" : "http://hl7.org/fhir/ValueSet/research-study-phase",
      "version" : "4.3.0",
      "status" : "draft",
      "name" : "ResearchStudyPhase",
      "title" : "ResearchStudyPhase",
      "description" : "Codes for the stage in the progression of a therapy from initial experimental use in humans in clinical trials to post-market evaluation.",
      "systems" : ["http://terminology.hl7.org/CodeSystem/research-study-phase"],
      "oids" : ["2.16.840.1.113883.4.642.3.821"],
      "sources" : ["2.16.840.1.113883.4.642.3.821"],
      "uses" : {
      },
      "StructureDefinition-ncpi-research-study.html" : "NCPI Research Study"
    },
    {
      "url" : "http://hl7.org/fhir/ValueSet/research-study-prim-purp-type",
      "version" : "4.3.0",
      "status" : "draft",
      "name" : "ResearchStudyPrimaryPurposeType",
      "title" : "ResearchStudyPrimaryPurposeType",
      "description" : "Codes for the main intent of the study.",
      "systems" : [
        "http://terminology.hl7.org/CodeSystem/research-study-prim-purp-type"
      ],
      "oids" : ["2.16.840.1.113883.4.642.3.827"],
      "sources" : ["2.16.840.1.113883.4.642.3.827"],
      "uses" : {
      },
      "StructureDefinition-ncpi-research-study.html" : "NCPI Research Study"
    },
    {
      "url" : "http://hl7.org/fhir/ValueSet/research-study-reason-stopped",
      "version" : "4.3.0",
      "status" : "draft",
      "name" : "ResearchStudyReasonStopped",
      "title" : "ResearchStudyReasonStopped",
      "description" : "Codes for why the study ended prematurely.",
      "systems" : [
        "http://terminology.hl7.org/CodeSystem/research-study-reason-stopped"
      ],
      "oids" : ["2.16.840.1.113883.4.642.3.825"],
      "sources" : ["2.16.840.1.113883.4.642.3.825"],
      "uses" : {
      },
      "StructureDefinition-ncpi-research-study.html" : "NCPI Research Study"
    },
    {
      "url" : "http://hl7.org/fhir/ValueSet/research-study-status",
      "version" : "4.3.0",
      "status" : "draft",
      "name" : "ResearchStudyStatus",
      "title" : "ResearchStudyStatus",
      "description" : "Codes that convey the current status of the research study.",
      "systems" : ["http://hl7.org/fhir/research-study-status"],
      "oids" : ["2.16.840.1.113883.4.642.3.819"],
      "sources" : ["2.16.840.1.113883.4.642.3.819"],
      "uses" : {
      },
      "StructureDefinition-ncpi-research-study.html" : "NCPI Research Study"
    },
    {
      "url" : "https://nih-ncpi.github.io/ncpi-fhir-ig-2/ValueSet/study-name-type-vs",
      "version" : "0.1.0",
      "status" : "draft",
      "name" : "StudyNameTypeVS",
      "title" : "Study Name Type",
      "description" : "Some common types of study 'names'.",
      "systems" : [
        "https://nih-ncpi.github.io/ncpi-fhir-ig-2/CodeSystem/study-name-type"
      ],
      "uses" : {
      },
      "StructureDefinition-CommonDataModelResearchStudy.html" : "CDM Research Study"
    },
    {
      "url" : "https://nih-ncpi.github.io/ncpi-fhir-ig-2/ValueSet/study-personnel-role-vs",
      "version" : "0.1.0",
      "status" : "draft",
      "name" : "StudyPersonnelRoleVS",
      "title" : "Study Personnel Role",
      "description" : "Roles associated with study personnel.",
      "systems" : [
        "https://nih-ncpi.github.io/ncpi-fhir-ig-2/CodeSystem/study-personnel-role"
      ],
      "uses" : {
      },
      "StructureDefinition-CommonDataModelResearchStudy.html" : "CDM Research Study"
    }
  ]
}
