{"resourceType":"CodeSystem","id":"study-personnel-role","text":{"status":"generated","div":"<div xmlns=\"http://www.w3.org/1999/xhtml\"><p>This case-sensitive code system <code>https://nih-ncpi.github.io/ncpi-fhir-ig-2/CodeSystem/study-personnel-role</code> defines the following codes:</p><table class=\"codes\"><tr><td style=\"white-space:nowrap\"><b>Code</b></td><td><b>Display</b></td></tr><tr><td style=\"white-space:nowrap\">primary-investigator<a name=\"study-personnel-role-primary-investigator\"> </a></td><td>Primary Investigator</td></tr><tr><td style=\"white-space:nowrap\">administrator<a name=\"study-personnel-role-administrator\"> </a></td><td>Administrator</td></tr><tr><td style=\"white-space:nowrap\">collaborator<a name=\"study-personnel-role-collaborator\"> </a></td><td>Collaborator</td></tr></table></div>"},"url":"https://nih-ncpi.github.io/ncpi-fhir-ig-2/CodeSystem/study-personnel-role","version":"0.1.0","name":"StudyPersonnelRole","title":"Study Personnel Role","status":"draft","experimental":false,"date":"2023-11-27T20:47:53+00:00","publisher":"NCPI FHIR Working Group","contact":[{"name":"NCPI FHIR Working Group","telecom":[{"system":"url","value":"http://example.org/example-publisher"},{"system":"email","value":"ncpi-fhir-ig@googlegroups.com"}]}],"description":"Roles associated with study personnel.","caseSensitive":true,"content":"complete","count":3,"concept":[{"code":"primary-investigator","display":"Primary Investigator"},{"code":"administrator","display":"Administrator"},{"code":"collaborator","display":"Collaborator"}]}