{"resourceType":"ValueSet","id":"research-data-access-code-vs","text":{"status":"generated","div":"<div xmlns=\"http://www.w3.org/1999/xhtml\"><ul><li>Include all codes defined in <a href=\"CodeSystem-research-data-access-code.html\"><code>https://nih-ncpi.github.ioo/ncpi-fhir-ig-2/CodeSystem/data-access-code</code></a></li></ul></div>"},"url":"https://nih-ncpi.github.io/ncpi-fhir-ig-2/ValueSet/research-data-access-code-vs","version":"0.1.0","name":"ResearchDataAccessCodeVS","title":"Research Data Access Codes","status":"draft","experimental":false,"date":"2024-01-03T22:56:43+00:00","publisher":"NCPI FHIR Working Group","contact":[{"name":"NCPI FHIR Working Group","telecom":[{"system":"url","value":"http://example.org/example-publisher"},{"system":"email","value":"ncpi-fhir-ig@googlegroups.com"}]}],"description":"Enumerated list of access codes such as dbGaP consent codes among others.","compose":{"include":[{"system":"https://nih-ncpi.github.ioo/ncpi-fhir-ig-2/CodeSystem/data-access-code"}]}}