{"resourceType":"ValueSet","id":"mesh-terms","text":{"status":"generated","div":"<div xmlns=\"http://www.w3.org/1999/xhtml\"><ul><li>Include all codes defined in <code>urn:oid:2.16.840.1.113883.6.177</code></li></ul></div>"},"url":"https://nih-ncpi.github.io/ncpi-fhir-ig-2/ValueSet/mesh-terms","version":"0.1.0","name":"MeshTerms","title":"MeSH Terms","status":"draft","experimental":false,"date":"2024-03-15T21:50:53+00:00","publisher":"NCPI FHIR Working Group","contact":[{"name":"NCPI FHIR Working Group","telecom":[{"system":"url","value":"http://example.org/example-publisher"},{"system":"email","value":"ncpi-fhir-ig@googlegroups.com"}]}],"description":"Example terms from Medical Subject Headings (MeSH) Ontology","compose":{"include":[{"system":"urn:oid:2.16.840.1.113883.6.177"}]}}