{"resourceType":"ValueSet","id":"collection-type-vs","text":{"status":"generated","div":"<div xmlns=\"http://www.w3.org/1999/xhtml\"><ul><li>Include all codes defined in <a href=\"CodeSystem-collection-type.html\"><code>https://nih-ncpi.github.ioo/ncpi-fhir-ig-2/CodeSystem/collection-type</code></a></li></ul></div>"},"url":"https://nih-ncpi.github.io/ncpi-fhir-ig-2/ValueSet/collection-type-vs","version":"0.1.0","name":"CollectionTypeVS","title":"Collection Type","status":"draft","experimental":false,"date":"2023-12-14T19:43:16+00:00","publisher":"NCPI FHIR Working Group","contact":[{"name":"NCPI FHIR Working Group","telecom":[{"system":"url","value":"http://example.org/example-publisher"},{"system":"email","value":"ncpi-fhir-ig@googlegroups.com"}]}],"description":"Enumerated list of Collection types","compose":{"include":[{"system":"https://nih-ncpi.github.ioo/ncpi-fhir-ig-2/CodeSystem/collection-type"}]}}