{"resourceType":"ValueSet","id":"research-data-access-type-vs","text":{"status":"generated","div":"<div xmlns=\"http://www.w3.org/1999/xhtml\"><ul><li>Include all codes defined in <a href=\"CodeSystem-research-data-access-type.html\"><code>https://nih-ncpi.github.io/ncpi-fhir-ig-2/CodeSystem/research-data-access-type</code></a></li></ul></div>"},"url":"https://nih-ncpi.github.io/ncpi-fhir-ig-2/ValueSet/research-data-access-type-vs","version":"0.1.0","name":"ResearchDataAccessTypeVS","title":"Research Data Access Type Codes","status":"draft","experimental":false,"date":"2024-03-15T21:50:53+00:00","publisher":"NCPI FHIR Working Group","contact":[{"name":"NCPI FHIR Working Group","telecom":[{"system":"url","value":"http://example.org/example-publisher"},{"system":"email","value":"ncpi-fhir-ig@googlegroups.com"}]}],"description":"Enumerated list of access type codes such as 'Open Access', 'Registered Access' and 'Controlled Access'","compose":{"include":[{"system":"https://nih-ncpi.github.io/ncpi-fhir-ig-2/CodeSystem/research-data-access-type"}]}}