{
  "resourceType" : "Consent",
  "id" : "kf-registered-allowed-access",
  "meta" : {
    "profile" : ["https://nih-ncpi.github.io/ncpi-fhir-ig-2/StructureDefinition/ncpi-research-access-policy"]
  },
  "text" : {
    "status" : "extensions",
    "div" : "<div xmlns=\"http://www.w3.org/1999/xhtml\"><p><b>Generated Narrative: Consent</b><a name=\"kf-registered-allowed-access\"> </a><a name=\"hckf-registered-allowed-access\"> </a></p><div style=\"display: inline-block; background-color: #d9e0e7; padding: 6px; margin: 4px; border: 1px solid #8da1b4; border-radius: 5px; line-height: 60%\"><p style=\"margin-bottom: 0px\">Resource Consent &quot;kf-registered-allowed-access&quot; </p><p style=\"margin-bottom: 0px\">Profile: <a href=\"StructureDefinition-ncpi-research-access-policy.html\">NCPI Research Access Policy</a></p></div><p><b>Access Policy Description</b>: Spans clinical data, expression data, somatic mutations, etc</p><p><b>Research Web Link</b>: <a href=\"https://kidsfirstdrc.org/portal/portal-features/#dataAccess\">https://kidsfirstdrc.org/portal/portal-features/#dataAccess</a></p><p><b>Access Type</b>: Registered Access <span style=\"background: LightGoldenRodYellow; margin: 4px; border: 1px solid khaki\"> (<a href=\"CodeSystem-research-data-access-type.html\">Research Data Access Type Codes</a>#registered)</span></p><p><b>status</b>: draft</p><p><b>scope</b>: Research <span style=\"background: LightGoldenRodYellow; margin: 4px; border: 1px solid khaki\"> (<a href=\"http://terminology.hl7.org/5.3.0/CodeSystem-consentscope.html\">Consent Scope Codes</a>#research)</span></p><p><b>category</b>: Research Information Access <span style=\"background: LightGoldenRodYellow; margin: 4px; border: 1px solid khaki\"> (<a href=\"http://terminology.hl7.org/5.3.0/CodeSystem-consentcategorycodes.html\">Consent Category Codes</a>#research)</span></p><p><b>policyRule</b>: Common Rule Informed Consent <span style=\"background: LightGoldenRodYellow; margin: 4px; border: 1px solid khaki\"> (<a href=\"http://terminology.hl7.org/5.3.0/CodeSystem-consentpolicycodes.html\">Consent PolicyRule Codes</a>#cric)</span></p></div>"
  },
  "extension" : [{
    "url" : "https://nih-ncpi.github.io/ncpi-fhir-ig-2/StructureDefinition/access-policy-description",
    "valueMarkdown" : "Spans clinical data, expression data, somatic mutations, etc"
  },
  {
    "url" : "https://nih-ncpi.github.io/ncpi-fhir-ig-2/StructureDefinition/research-web-Link",
    "valueUrl" : "https://kidsfirstdrc.org/portal/portal-features/#dataAccess"
  },
  {
    "url" : "https://nih-ncpi.github.io/ncpi-fhir-ig-2/StructureDefinition/access-type",
    "valueCodeableConcept" : {
      "coding" : [{
        "system" : "https://nih-ncpi.github.io/ncpi-fhir-ig-2/CodeSystem/research-data-access-type",
        "code" : "registered"
      }]
    }
  }],
  "status" : "draft",
  "scope" : {
    "coding" : [{
      "system" : "http://terminology.hl7.org/CodeSystem/consentscope",
      "code" : "research"
    }]
  },
  "category" : [{
    "coding" : [{
      "system" : "http://terminology.hl7.org/CodeSystem/consentcategorycodes",
      "code" : "research",
      "display" : "Research Information Access"
    }]
  }],
  "policyRule" : {
    "coding" : [{
      "system" : "http://terminology.hl7.org/CodeSystem/consentpolicycodes",
      "code" : "cric"
    }]
  }
}