{
  "resourceType" : "List",
  "id" : "ncpi-research-collection-kfx01",
  "meta" : {
    "profile" : ["https://nih-ncpi.github.io/ncpi-fhir-ig-2/StructureDefinition/ncpi-research-collection"]
  },
  "text" : {
    "status" : "generated",
    "div" : "<div xmlns=\"http://www.w3.org/1999/xhtml\"><h2>Kids First X01s</h2><table class=\"clstu\"><tr><td>Mode: snapshotStatus: currentCode: Program</td></tr><tr><td/></tr></table><table class=\"grid\"><tr style=\"backgound-color: #eeeeee\"><td><b>Items</b></td></tr><tr><td><a href=\"ResearchStudy-kf-research-study-cbtn.html\">ResearchStudy/kf-research-study-cbtn</a></td></tr></table></div>"
  },
  "extension" : [{
    "url" : "https://nih-ncpi.github.io/ncpi-fhir-ig-2/StructureDefinition/research-web-Link",
    "valueUrl" : "https://cbtn.org/pediatric-brain-tumor-atlas"
  }],
  "status" : "current",
  "mode" : "snapshot",
  "title" : "Kids First X01s",
  "code" : {
    "coding" : [{
      "system" : "https://nih-ncpi.github.io/ncpi-fhir-ig-2/CodeSystem/collection-type",
      "code" : "program",
      "display" : "Program"
    }]
  },
  "note" : [{
    "text" : "Through its Data Resource Center and NIH X01 grant mechanism, Kids First supports data generation and data sharing in the cloud. To date, the program has supported the public release of data from 30 projects and made available nearly 30,000 genomes, representing structural birth defects and childhood cancer patients and families through the Kids First Data Resource Portal"
  }],
  "entry" : [{
    "item" : {
      "reference" : "ResearchStudy/kf-research-study-cbtn"
    }
  }]
}