{
  "resourceType" : "ValueSet",
  "id" : "study-personnel-role",
  "text" : {
    "status" : "generated",
    "div" : "<div xmlns=\"http://www.w3.org/1999/xhtml\"><ul><li>Include these codes as defined in <code>https://nih-ncpi.github.io/ncpi-fhir-ig/ValueSet/study-personnel-role</code><table class=\"none\"><tr><td style=\"white-space:nowrap\"><b>Code</b></td><td><b>Display</b></td></tr><tr><td>primary-investigator</td><td>Primary Investigator</td></tr><tr><td>administrator</td><td>Administrator</td></tr><tr><td>collaborator</td><td>Collaborator</td></tr></table></li></ul></div>"
  },
  "url" : "https://nih-ncpi.github.io/ncpi-fhir-ig-2/ValueSet/study-personnel-role",
  "version" : "0.1.0",
  "name" : "StudyPersonnelRoleVS",
  "title" : "Study Personnel Role",
  "status" : "draft",
  "date" : "2023-11-17T22:43:52+00:00",
  "publisher" : "NCPI FHIR Working Group",
  "contact" : [{
    "name" : "NCPI FHIR Working Group",
    "telecom" : [{
      "system" : "url",
      "value" : "http://example.org/example-publisher"
    },
    {
      "system" : "email",
      "value" : "ncpi-fhir-ig@googlegroups.com"
    }]
  }],
  "description" : "Roles associated with study personnel.",
  "compose" : {
    "include" : [{
      "system" : "https://nih-ncpi.github.io/ncpi-fhir-ig/ValueSet/study-personnel-role",
      "concept" : [{
        "code" : "primary-investigator",
        "display" : "Primary Investigator"
      },
      {
        "code" : "administrator",
        "display" : "Administrator"
      },
      {
        "code" : "collaborator",
        "display" : "Collaborator"
      }]
    }]
  }
}