{
  "resourceType" : "ValueSet",
  "id" : "study-personnel-role-vs",
  "text" : {
    "status" : "generated",
    "div" : "<div xmlns=\"http://www.w3.org/1999/xhtml\"><ul><li>Include all codes defined in <a href=\"CodeSystem-study-personnel-role.html\"><code>https://nih-ncpi.github.io/ncpi-fhir-ig-2/CodeSystem/study-personnel-role</code></a></li></ul></div>"
  },
  "url" : "https://nih-ncpi.github.io/ncpi-fhir-ig-2/ValueSet/study-personnel-role-vs",
  "version" : "0.1.0",
  "name" : "StudyPersonnelRoleVS",
  "title" : "Study Personnel Role",
  "status" : "draft",
  "experimental" : false,
  "date" : "2024-03-15T21:50:53+00:00",
  "publisher" : "NCPI FHIR Working Group",
  "contact" : [{
    "name" : "NCPI FHIR Working Group",
    "telecom" : [{
      "system" : "url",
      "value" : "http://example.org/example-publisher"
    },
    {
      "system" : "email",
      "value" : "ncpi-fhir-ig@googlegroups.com"
    }]
  }],
  "description" : "Roles associated with study personnel.",
  "compose" : {
    "include" : [{
      "system" : "https://nih-ncpi.github.io/ncpi-fhir-ig-2/CodeSystem/study-personnel-role"
    }]
  }
}