{
  "resourceType" : "ValueSet",
  "id" : "study-name-type",
  "text" : {
    "status" : "generated",
    "div" : "<div xmlns=\"http://www.w3.org/1999/xhtml\"><ul><li>Include these codes as defined in <code>https://nih-ncpi.github.io/ncpi-fhir-ig/ValueSet/study-name-type</code><table class=\"none\"><tr><td style=\"white-space:nowrap\"><b>Code</b></td><td><b>Display</b></td></tr><tr><td>formal-title</td><td>Formal Title</td></tr><tr><td>internal-name</td><td>Internal Name</td></tr><tr><td>familiar-ame</td><td>Familiar Name (Nickname)</td></tr><tr><td>acronym</td><td>Acronym</td></tr><tr><td>alternative-name</td><td>Alternative Name</td></tr></table></li></ul></div>"
  },
  "url" : "https://nih-ncpi.github.io/ncpi-fhir-ig-2/ValueSet/study-name-type",
  "version" : "0.1.0",
  "name" : "StudyNameTypeVS",
  "title" : "Study Name Type",
  "status" : "draft",
  "date" : "2023-11-17T22:43:52+00:00",
  "publisher" : "NCPI FHIR Working Group",
  "contact" : [{
    "name" : "NCPI FHIR Working Group",
    "telecom" : [{
      "system" : "url",
      "value" : "http://example.org/example-publisher"
    },
    {
      "system" : "email",
      "value" : "ncpi-fhir-ig@googlegroups.com"
    }]
  }],
  "description" : "Some common types of study 'names'.",
  "compose" : {
    "include" : [{
      "system" : "https://nih-ncpi.github.io/ncpi-fhir-ig/ValueSet/study-name-type",
      "concept" : [{
        "code" : "formal-title",
        "display" : "Formal Title"
      },
      {
        "code" : "internal-name",
        "display" : "Internal Name"
      },
      {
        "code" : "familiar-ame",
        "display" : "Familiar Name (Nickname)"
      },
      {
        "code" : "acronym",
        "display" : "Acronym"
      },
      {
        "code" : "alternative-name",
        "display" : "Alternative Name"
      }]
    }]
  }
}