{
  "resourceType" : "ValueSet",
  "id" : "study-name-type-vs",
  "text" : {
    "status" : "generated",
    "div" : "<div xmlns=\"http://www.w3.org/1999/xhtml\"><ul><li>Include all codes defined in <a href=\"CodeSystem-study-name-type.html\"><code>https://nih-ncpi.github.io/ncpi-fhir-ig-2/CodeSystem/study-name-type</code></a></li></ul></div>"
  },
  "url" : "https://nih-ncpi.github.io/ncpi-fhir-ig-2/ValueSet/study-name-type-vs",
  "version" : "0.1.0",
  "name" : "StudyNameTypeVS",
  "title" : "Study Name Type",
  "status" : "draft",
  "experimental" : false,
  "date" : "2023-11-27T21:08:00+00:00",
  "publisher" : "NCPI FHIR Working Group",
  "contact" : [{
    "name" : "NCPI FHIR Working Group",
    "telecom" : [{
      "system" : "url",
      "value" : "http://example.org/example-publisher"
    },
    {
      "system" : "email",
      "value" : "ncpi-fhir-ig@googlegroups.com"
    }]
  }],
  "description" : "Some common types of study 'names'.",
  "compose" : {
    "include" : [{
      "system" : "https://nih-ncpi.github.io/ncpi-fhir-ig-2/CodeSystem/study-name-type"
    }]
  }
}